NPI,State,Login Time,Logout Time,Usage Time (mins),Region,Speciality,Count of Survey Attempts
1000000000,NY,2025-03-08 06:09:00,2025-03-08 06:28:00,19,Northeast,Cardiology,3
1000000001,MI,2025-03-08 12:28:00,2025-03-08 13:10:00,42,Midwest,Oncology,5
1000000002,CA,2025-03-08 15:11:00,2025-03-08 15:37:00,26,West,Oncology,8
1000000003,TX,2025-03-08 14:17:00,2025-03-08 15:36:00,79,Northeast,Orthopedics,9
1000000004,GA,2025-03-08 15:59:00,2025-03-08 17:37:00,98,West,Oncology,0
1000000005,IL,2025-03-08 11:41:00,2025-03-08 13:37:00,116,Midwest,Orthopedics,10
1000000006,TX,2025-03-08 11:33:00,2025-03-08 12:20:00,47,Midwest,Cardiology,6
1000000007,TX,2025-03-08 16:37:00,2025-03-08 18:15:00,98,West,General Practice,6
1000000008,NC,2025-03-08 18:54:00,2025-03-08 19:22:00,28,Northeast,Pediatrics,8
1000000009,PA,2025-03-08 13:42:00,2025-03-08 14:01:00,19,West,Neurology,10
1000000010,OH,2025-03-08 15:05:00,2025-03-08 15:21:00,16,South,Orthopedics,1
1000000011,IL,2025-03-08 12:22:00,2025-03-08 13:58:00,96,Midwest,General Practice,10
1000000012,NY,2025-03-08 14:31:00,2025-03-08 15:46:00,75,Midwest,Orthopedics,5
1000000013,CA,2025-03-08 12:21:00,2025-03-08 13:06:00,45,West,Oncology,10
1000000014,CA,2025-03-08 13:05:00,2025-03-08 13:25:00,20,South,Radiology,2
1000000015,OH,2025-03-08 11:26:00,2025-03-08 13:17:00,111,West,General Practice,2
1000000016,GA,2025-03-08 11:20:00,2025-03-08 12:53:00,93,Midwest,Cardiology,9
1000000017,MI,2025-03-08 20:10:00,2025-03-08 21:31:00,81,Northeast,Radiology,8
1000000018,TX,2025-03-08 12:23:00,2025-03-08 12:29:00,6,Midwest,General Practice,5
1000000019,CA,2025-03-08 12:34:00,2025-03-08 13:29:00,55,West,Orthopedics,0
1000000020,TX,2025-03-08 14:21:00,2025-03-08 14:33:00,12,South,Cardiology,4
1000000021,PA,2025-03-08 19:06:00,2025-03-08 19:17:00,11,West,Neurology,0
1000000022,OH,2025-03-08 13:34:00,2025-03-08 15:22:00,108,Northeast,Oncology,7
1000000023,PA,2025-03-08 06:55:00,2025-03-08 08:53:00,118,Midwest,Oncology,4
1000000024,IL,2025-03-08 19:08:00,2025-03-08 20:24:00,76,West,Radiology,7
1000000025,NY,2025-03-08 11:05:00,2025-03-08 11:41:00,36,Northeast,Neurology,1
1000000026,OH,2025-03-08 16:12:00,2025-03-08 16:29:00,17,West,General Practice,7
1000000027,GA,2025-03-08 10:39:00,2025-03-08 12:10:00,91,Northeast,Neurology,1
1000000028,IL,2025-03-08 15:54:00,2025-03-08 16:07:00,13,West,General Practice,9
1000000029,FL,2025-03-08 06:05:00,2025-03-08 07:54:00,109,South,Cardiology,7
1000000030,NY,2025-03-08 13:58:00,2025-03-08 14:26:00,28,Midwest,Cardiology,2
1000000031,NC,2025-03-08 20:10:00,2025-03-08 22:02:00,112,South,Oncology,10
1000000032,OH,2025-03-08 13:21:00,2025-03-08 14:55:00,94,South,Oncology,3
1000000033,MI,2025-03-08 09:52:00,2025-03-08 11:05:00,73,Midwest,Neurology,3
1000000034,CA,2025-03-08 14:39:00,2025-03-08 15:34:00,55,Northeast,Pediatrics,7
1000000035,GA,2025-03-08 18:43:00,2025-03-08 20:41:00,118,Northeast,Orthopedics,5
1000000036,MI,2025-03-08 19:35:00,2025-03-08 21:08:00,93,West,Cardiology,1
1000000037,MI,2025-03-08 13:41:00,2025-03-08 15:26:00,105,Midwest,Neurology,9
1000000038,IL,2025-03-08 16:39:00,2025-03-08 18:12:00,93,West,Pediatrics,2
1000000039,PA,2025-03-08 08:41:00,2025-03-08 09:43:00,62,South,Orthopedics,7
1000000040,NC,2025-03-08 14:42:00,2025-03-08 14:54:00,12,South,Radiology,10
1000000041,PA,2025-03-08 15:14:00,2025-03-08 16:02:00,48,Northeast,Radiology,6
1000000042,CA,2025-03-08 06:32:00,2025-03-08 06:43:00,11,West,Oncology,6
1000000043,PA,2025-03-08 10:14:00,2025-03-08 10:54:00,40,West,General Practice,1
1000000044,IL,2025-03-08 10:02:00,2025-03-08 10:50:00,48,South,Pediatrics,9
1000000045,GA,2025-03-08 10:18:00,2025-03-08 10:41:00,23,South,General Practice,1
1000000046,NY,2025-03-08 08:34:00,2025-03-08 09:01:00,27,Northeast,Pediatrics,0
1000000047,OH,2025-03-08 09:05:00,2025-03-08 10:06:00,61,Northeast,Radiology,6
1000000048,IL,2025-03-08 20:00:00,2025-03-08 20:37:00,37,South,Radiology,9
1000000049,PA,2025-03-08 17:43:00,2025-03-08 19:18:00,95,West,Radiology,9
1000000050,TX,2025-03-08 07:46:00,2025-03-08 08:17:00,31,South,Cardiology,8
1000000051,NY,2025-03-08 19:59:00,2025-03-08 21:33:00,94,West,Oncology,5
1000000052,TX,2025-03-08 09:48:00,2025-03-08 10:22:00,34,Northeast,Pediatrics,4
1000000053,TX,2025-03-08 20:34:00,2025-03-08 22:13:00,99,West,Cardiology,0
1000000054,GA,2025-03-08 19:36:00,2025-03-08 21:28:00,112,Northeast,Cardiology,0
1000000055,FL,2025-03-08 12:54:00,2025-03-08 14:38:00,104,Midwest,Oncology,3
1000000056,TX,2025-03-08 10:51:00,2025-03-08 12:26:00,95,Midwest,Pediatrics,6
1000000057,PA,2025-03-08 09:45:00,2025-03-08 11:07:00,82,Midwest,Pediatrics,5
1000000058,FL,2025-03-08 19:36:00,2025-03-08 20:03:00,27,Midwest,Radiology,3
1000000059,NC,2025-03-08 09:34:00,2025-03-08 10:51:00,77,Northeast,Pediatrics,6
1000000060,OH,2025-03-08 17:51:00,2025-03-08 19:32:00,101,South,Orthopedics,6
1000000061,CA,2025-03-08 19:42:00,2025-03-08 21:26:00,104,Midwest,General Practice,6
1000000062,NC,2025-03-08 07:46:00,2025-03-08 09:46:00,120,South,Neurology,6
1000000063,PA,2025-03-08 12:27:00,2025-03-08 13:12:00,45,Midwest,Neurology,7
1000000064,MI,2025-03-08 17:05:00,2025-03-08 17:30:00,25,West,Radiology,0
1000000065,FL,2025-03-08 12:10:00,2025-03-08 12:55:00,45,Northeast,Oncology,1
1000000066,CA,2025-03-08 20:44:00,2025-03-08 22:33:00,109,Midwest,General Practice,8
1000000067,MI,2025-03-08 09:03:00,2025-03-08 09:28:00,25,Northeast,Orthopedics,8
1000000068,OH,2025-03-08 12:02:00,2025-03-08 12:43:00,41,Midwest,Oncology,0
1000000069,MI,2025-03-08 19:07:00,2025-03-08 19:15:00,8,South,Pediatrics,7
1000000070,PA,2025-03-08 13:29:00,2025-03-08 15:28:00,119,Midwest,Orthopedics,8
1000000071,TX,2025-03-08 08:24:00,2025-03-08 09:06:00,42,South,Cardiology,3
1000000072,GA,2025-03-08 20:21:00,2025-03-08 20:31:00,10,Northeast,Orthopedics,7
1000000073,NY,2025-03-08 06:49:00,2025-03-08 07:49:00,60,Midwest,Orthopedics,1
1000000074,MI,2025-03-08 06:20:00,2025-03-08 07:22:00,62,Midwest,Oncology,7
1000000075,NC,2025-03-08 06:27:00,2025-03-08 06:45:00,18,Northeast,Neurology,9
1000000076,GA,2025-03-08 10:08:00,2025-03-08 10:49:00,41,Northeast,Neurology,10
1000000077,IL,2025-03-08 14:20:00,2025-03-08 16:12:00,112,Midwest,Neurology,8
1000000078,NY,2025-03-08 18:21:00,2025-03-08 18:57:00,36,Northeast,Oncology,5
1000000079,OH,2025-03-08 14:01:00,2025-03-08 14:08:00,7,Northeast,Cardiology,1
1000000080,OH,2025-03-08 19:09:00,2025-03-08 19:55:00,46,South,Orthopedics,5
1000000081,GA,2025-03-08 09:01:00,2025-03-08 10:38:00,97,Northeast,Pediatrics,6
1000000082,NC,2025-03-08 17:44:00,2025-03-08 17:53:00,9,South,Neurology,8
1000000083,NC,2025-03-08 15:04:00,2025-03-08 15:22:00,18,Northeast,General Practice,8
1000000084,FL,2025-03-08 12:07:00,2025-03-08 13:12:00,65,South,Orthopedics,6
1000000085,FL,2025-03-08 14:04:00,2025-03-08 15:58:00,114,West,Cardiology,9
1000000086,PA,2025-03-08 13:26:00,2025-03-08 14:50:00,84,West,General Practice,5
1000000087,MI,2025-03-08 07:05:00,2025-03-08 08:17:00,72,Midwest,Neurology,6
1000000088,NC,2025-03-08 16:07:00,2025-03-08 16:16:00,9,South,Oncology,4
1000000089,IL,2025-03-08 16:21:00,2025-03-08 17:47:00,86,South,Orthopedics,9
1000000090,IL,2025-03-08 06:53:00,2025-03-08 08:25:00,92,South,Orthopedics,6
1000000091,FL,2025-03-08 15:28:00,2025-03-08 16:09:00,41,Midwest,Neurology,1
1000000092,OH,2025-03-08 14:05:00,2025-03-08 15:51:00,106,Midwest,Pediatrics,4
1000000093,GA,2025-03-08 06:08:00,2025-03-08 06:25:00,17,West,Radiology,3
1000000094,IL,2025-03-08 09:31:00,2025-03-08 10:06:00,35,South,Radiology,9
1000000095,FL,2025-03-08 20:12:00,2025-03-08 20:20:00,8,West,Orthopedics,9
1000000096,OH,2025-03-08 18:55:00,2025-03-08 20:04:00,69,West,Neurology,9
1000000097,GA,2025-03-08 19:28:00,2025-03-08 20:48:00,80,West,Neurology,0
1000000098,FL,2025-03-08 13:18:00,2025-03-08 14:07:00,49,West,Oncology,1
1000000099,IL,2025-03-08 07:43:00,2025-03-08 08:04:00,21,Midwest,Cardiology,1
1000000100,MI,2025-03-08 18:07:00,2025-03-08 19:59:00,112,South,Oncology,0
1000000101,GA,2025-03-08 09:03:00,2025-03-08 09:50:00,47,West,General Practice,7
1000000102,MI,2025-03-08 15:03:00,2025-03-08 16:57:00,114,Midwest,Orthopedics,4
1000000103,NY,2025-03-08 10:57:00,2025-03-08 12:41:00,104,Midwest,General Practice,2
1000000104,TX,2025-03-08 15:42:00,2025-03-08 16:38:00,56,West,Cardiology,9
1000000105,IL,2025-03-08 12:45:00,2025-03-08 13:12:00,27,West,Orthopedics,10
1000000106,IL,2025-03-08 09:52:00,2025-03-08 10:52:00,60,West,Oncology,9
1000000107,PA,2025-03-08 11:43:00,2025-03-08 13:39:00,116,South,Orthopedics,9
1000000108,IL,2025-03-08 15:11:00,2025-03-08 15:27:00,16,West,Radiology,7
1000000109,TX,2025-03-08 13:44:00,2025-03-08 15:27:00,103,Midwest,Pediatrics,8
1000000110,FL,2025-03-08 16:00:00,2025-03-08 17:47:00,107,Northeast,Radiology,6
1000000111,OH,2025-03-08 07:19:00,2025-03-08 07:34:00,15,Midwest,Radiology,0
1000000112,NY,2025-03-08 07:57:00,2025-03-08 08:29:00,32,West,Oncology,2
1000000113,IL,2025-03-08 19:03:00,2025-03-08 19:46:00,43,Midwest,Oncology,8
1000000114,MI,2025-03-08 19:00:00,2025-03-08 19:52:00,52,Midwest,Pediatrics,0
1000000115,PA,2025-03-08 06:57:00,2025-03-08 08:41:00,104,South,Neurology,6
1000000116,TX,2025-03-08 12:48:00,2025-03-08 13:35:00,47,Midwest,General Practice,6
1000000117,TX,2025-03-08 20:42:00,2025-03-08 22:16:00,94,Midwest,Radiology,5
1000000118,PA,2025-03-08 09:14:00,2025-03-08 09:45:00,31,Northeast,General Practice,8
1000000119,CA,2025-03-08 09:43:00,2025-03-08 11:13:00,90,Northeast,Oncology,8
1000000120,MI,2025-03-08 10:41:00,2025-03-08 12:28:00,107,South,Orthopedics,8
1000000121,IL,2025-03-08 17:36:00,2025-03-08 19:03:00,87,South,Neurology,1
1000000122,GA,2025-03-08 12:14:00,2025-03-08 13:54:00,100,Midwest,Oncology,1
1000000123,CA,2025-03-08 06:15:00,2025-03-08 06:52:00,37,Northeast,Cardiology,9
1000000124,FL,2025-03-08 09:43:00,2025-03-08 09:55:00,12,West,Radiology,8
1000000125,TX,2025-03-08 09:25:00,2025-03-08 11:10:00,105,South,Orthopedics,10
1000000126,IL,2025-03-08 18:28:00,2025-03-08 19:28:00,60,Midwest,Neurology,8
1000000127,MI,2025-03-08 18:18:00,2025-03-08 19:34:00,76,Northeast,Radiology,9
1000000128,OH,2025-03-08 07:29:00,2025-03-08 08:56:00,87,Midwest,Orthopedics,2
1000000129,TX,2025-03-08 18:58:00,2025-03-08 19:13:00,15,South,Neurology,9
1000000130,MI,2025-03-08 10:00:00,2025-03-08 10:19:00,19,South,Cardiology,10
1000000131,CA,2025-03-08 09:00:00,2025-03-08 10:47:00,107,South,Pediatrics,6
1000000132,TX,2025-03-08 20:53:00,2025-03-08 22:46:00,113,Midwest,Orthopedics,6
1000000133,CA,2025-03-08 07:46:00,2025-03-08 08:16:00,30,West,Radiology,6
1000000134,NC,2025-03-08 07:23:00,2025-03-08 08:59:00,96,South,Radiology,9
1000000135,MI,2025-03-08 08:51:00,2025-03-08 09:27:00,36,Northeast,Orthopedics,5
1000000136,CA,2025-03-08 17:30:00,2025-03-08 17:57:00,27,West,Pediatrics,10
1000000137,CA,2025-03-08 08:16:00,2025-03-08 09:26:00,70,South,Oncology,7
1000000138,TX,2025-03-08 07:15:00,2025-03-08 08:11:00,56,Midwest,Radiology,0
1000000139,FL,2025-03-08 08:46:00,2025-03-08 10:34:00,108,South,Oncology,2
1000000140,FL,2025-03-08 19:20:00,2025-03-08 20:14:00,54,Midwest,Neurology,8
1000000141,MI,2025-03-08 14:50:00,2025-03-08 14:59:00,9,South,General Practice,6
1000000142,PA,2025-03-08 07:15:00,2025-03-08 08:20:00,65,Northeast,Oncology,4
1000000143,NY,2025-03-08 13:18:00,2025-03-08 15:11:00,113,South,Pediatrics,9
1000000144,OH,2025-03-08 07:28:00,2025-03-08 07:44:00,16,Northeast,Orthopedics,1
1000000145,IL,2025-03-08 20:51:00,2025-03-08 22:20:00,89,Midwest,Orthopedics,8
1000000146,NY,2025-03-08 08:58:00,2025-03-08 10:16:00,78,Northeast,General Practice,9
1000000147,CA,2025-03-08 11:04:00,2025-03-08 12:18:00,74,West,Radiology,3
1000000148,NY,2025-03-08 20:50:00,2025-03-08 21:42:00,52,South,Neurology,10
1000000149,OH,2025-03-08 17:00:00,2025-03-08 18:17:00,77,Northeast,Orthopedics,4
1000000150,CA,2025-03-08 18:22:00,2025-03-08 20:06:00,104,Midwest,Oncology,8
1000000151,MI,2025-03-08 07:09:00,2025-03-08 07:43:00,34,Northeast,General Practice,5
1000000152,MI,2025-03-08 11:56:00,2025-03-08 12:58:00,62,Northeast,Orthopedics,6
1000000153,CA,2025-03-08 18:08:00,2025-03-08 18:39:00,31,West,General Practice,1
1000000154,IL,2025-03-08 08:59:00,2025-03-08 10:38:00,99,South,Pediatrics,1
1000000155,GA,2025-03-08 14:24:00,2025-03-08 15:42:00,78,West,Radiology,1
1000000156,IL,2025-03-08 10:53:00,2025-03-08 10:58:00,5,South,Pediatrics,10
1000000157,OH,2025-03-08 09:53:00,2025-03-08 11:07:00,74,West,Pediatrics,5
1000000158,MI,2025-03-08 10:19:00,2025-03-08 10:49:00,30,South,Pediatrics,0
1000000159,IL,2025-03-08 12:54:00,2025-03-08 14:25:00,91,West,Pediatrics,2
1000000160,MI,2025-03-08 17:03:00,2025-03-08 18:27:00,84,South,Cardiology,2
1000000161,GA,2025-03-08 07:23:00,2025-03-08 07:30:00,7,Midwest,Pediatrics,5
1000000162,GA,2025-03-08 13:40:00,2025-03-08 15:12:00,92,West,Radiology,9
1000000163,NC,2025-03-08 16:55:00,2025-03-08 17:28:00,33,Midwest,Cardiology,8
1000000164,PA,2025-03-08 17:23:00,2025-03-08 17:29:00,6,Northeast,Cardiology,6
1000000165,GA,2025-03-08 20:35:00,2025-03-08 22:29:00,114,West,Orthopedics,0
1000000166,MI,2025-03-08 09:22:00,2025-03-08 10:54:00,92,Midwest,Cardiology,4
1000000167,FL,2025-03-08 13:04:00,2025-03-08 14:57:00,113,West,Radiology,3
1000000168,GA,2025-03-08 15:59:00,2025-03-08 17:55:00,116,Northeast,Pediatrics,6
1000000169,CA,2025-03-08 18:51:00,2025-03-08 19:51:00,60,West,Cardiology,0
1000000170,TX,2025-03-08 06:10:00,2025-03-08 06:56:00,46,Northeast,Neurology,7
1000000171,PA,2025-03-08 06:03:00,2025-03-08 06:50:00,47,West,Neurology,0
1000000172,NY,2025-03-08 09:34:00,2025-03-08 10:04:00,30,Midwest,Pediatrics,8
1000000173,NY,2025-03-08 15:35:00,2025-03-08 15:45:00,10,Midwest,Cardiology,9
1000000174,TX,2025-03-08 17:31:00,2025-03-08 19:27:00,116,Midwest,Neurology,1
1000000175,OH,2025-03-08 08:57:00,2025-03-08 09:42:00,45,South,Pediatrics,1
1000000176,IL,2025-03-08 15:43:00,2025-03-08 16:06:00,23,Northeast,Oncology,6
1000000177,FL,2025-03-08 06:53:00,2025-03-08 07:58:00,65,West,General Practice,5
1000000178,MI,2025-03-08 06:41:00,2025-03-08 08:31:00,110,South,Pediatrics,5
1000000179,OH,2025-03-08 12:24:00,2025-03-08 13:14:00,50,Northeast,General Practice,3
1000000180,TX,2025-03-08 08:24:00,2025-03-08 09:34:00,70,Northeast,Cardiology,9
1000000181,CA,2025-03-08 07:40:00,2025-03-08 09:23:00,103,Northeast,Radiology,1
1000000182,CA,2025-03-08 08:22:00,2025-03-08 08:47:00,25,South,Cardiology,7
1000000183,GA,2025-03-08 13:08:00,2025-03-08 14:45:00,97,West,Pediatrics,6
1000000184,IL,2025-03-08 12:00:00,2025-03-08 13:20:00,80,Northeast,Orthopedics,9
1000000185,GA,2025-03-08 12:35:00,2025-03-08 12:59:00,24,Midwest,Pediatrics,2
1000000186,CA,2025-03-08 09:44:00,2025-03-08 11:27:00,103,Midwest,Oncology,8
1000000187,IL,2025-03-08 12:31:00,2025-03-08 14:25:00,114,Midwest,Oncology,8
1000000188,MI,2025-03-08 08:48:00,2025-03-08 10:01:00,73,Midwest,Oncology,5
1000000189,OH,2025-03-08 12:28:00,2025-03-08 14:10:00,102,Northeast,General Practice,6
1000000190,PA,2025-03-08 18:52:00,2025-03-08 20:35:00,103,West,General Practice,0
1000000191,PA,2025-03-08 18:44:00,2025-03-08 20:42:00,118,West,General Practice,9
1000000192,NY,2025-03-08 13:08:00,2025-03-08 13:49:00,41,Northeast,Orthopedics,10
1000000193,FL,2025-03-08 13:06:00,2025-03-08 14:32:00,86,Midwest,Orthopedics,6
1000000194,IL,2025-03-08 08:52:00,2025-03-08 10:42:00,110,West,Pediatrics,7
1000000195,OH,2025-03-08 08:43:00,2025-03-08 10:01:00,78,South,Pediatrics,3
1000000196,NY,2025-03-08 17:26:00,2025-03-08 18:40:00,74,South,General Practice,1
1000000197,GA,2025-03-08 09:46:00,2025-03-08 11:09:00,83,Northeast,General Practice,7
1000000198,FL,2025-03-08 20:39:00,2025-03-08 21:53:00,74,Midwest,Pediatrics,1
1000000199,PA,2025-03-08 15:48:00,2025-03-08 16:47:00,59,West,Cardiology,0
1000000200,IL,2025-03-08 06:47:00,2025-03-08 07:38:00,51,West,Oncology,1
1000000201,FL,2025-03-08 15:34:00,2025-03-08 16:18:00,44,South,Neurology,3
1000000202,CA,2025-03-08 17:56:00,2025-03-08 19:53:00,117,Northeast,Oncology,8
1000000203,MI,2025-03-08 11:08:00,2025-03-08 12:28:00,80,Northeast,Pediatrics,5
1000000204,TX,2025-03-08 13:42:00,2025-03-08 13:49:00,7,Northeast,General Practice,10
1000000205,MI,2025-03-08 14:54:00,2025-03-08 16:28:00,94,South,Cardiology,1
1000000206,NY,2025-03-08 18:16:00,2025-03-08 19:11:00,55,Northeast,Orthopedics,6
1000000207,OH,2025-03-08 14:56:00,2025-03-08 15:18:00,22,South,Orthopedics,8
1000000208,IL,2025-03-08 15:33:00,2025-03-08 17:19:00,106,Northeast,General Practice,10
1000000209,OH,2025-03-08 07:02:00,2025-03-08 07:21:00,19,South,Neurology,10
1000000210,PA,2025-03-08 11:34:00,2025-03-08 13:07:00,93,West,Orthopedics,3
1000000211,MI,2025-03-08 11:12:00,2025-03-08 13:06:00,114,South,Oncology,0
1000000212,PA,2025-03-08 17:56:00,2025-03-08 19:37:00,101,South,General Practice,6
1000000213,NC,2025-03-08 17:03:00,2025-03-08 18:54:00,111,Northeast,Radiology,0
1000000214,CA,2025-03-08 08:03:00,2025-03-08 09:36:00,93,Midwest,Cardiology,3
1000000215,FL,2025-03-08 16:56:00,2025-03-08 17:39:00,43,Northeast,Cardiology,7
1000000216,OH,2025-03-08 06:28:00,2025-03-08 07:42:00,74,South,Neurology,6
1000000217,NC,2025-03-08 20:34:00,2025-03-08 21:13:00,39,South,Pediatrics,3
1000000218,GA,2025-03-08 12:49:00,2025-03-08 13:15:00,26,West,Neurology,6
1000000219,CA,2025-03-08 19:19:00,2025-03-08 20:14:00,55,Midwest,Cardiology,7
1000000220,CA,2025-03-08 12:56:00,2025-03-08 13:58:00,62,West,Orthopedics,4
1000000221,MI,2025-03-08 16:26:00,2025-03-08 17:23:00,57,West,General Practice,10
1000000222,CA,2025-03-08 16:56:00,2025-03-08 17:56:00,60,Midwest,Cardiology,8
1000000223,CA,2025-03-08 08:49:00,2025-03-08 09:46:00,57,West,Orthopedics,4
1000000224,CA,2025-03-08 07:19:00,2025-03-08 09:02:00,103,West,Pediatrics,0
1000000225,TX,2025-03-08 12:53:00,2025-03-08 14:27:00,94,Northeast,Pediatrics,7
1000000226,TX,2025-03-08 15:49:00,2025-03-08 17:22:00,93,Midwest,Neurology,8
1000000227,IL,2025-03-08 09:06:00,2025-03-08 11:01:00,115,West,Orthopedics,4
1000000228,NY,2025-03-08 10:59:00,2025-03-08 11:47:00,48,Northeast,Pediatrics,6
1000000229,CA,2025-03-08 06:23:00,2025-03-08 07:33:00,70,Midwest,Pediatrics,3
1000000230,TX,2025-03-08 06:45:00,2025-03-08 08:18:00,93,South,Cardiology,9
1000000231,PA,2025-03-08 14:37:00,2025-03-08 16:09:00,92,Midwest,Radiology,3
1000000232,NC,2025-03-08 09:51:00,2025-03-08 09:58:00,7,Midwest,Cardiology,0
1000000233,OH,2025-03-08 10:54:00,2025-03-08 11:42:00,48,South,General Practice,0
1000000234,NY,2025-03-08 09:02:00,2025-03-08 09:19:00,17,Midwest,Pediatrics,10
1000000235,FL,2025-03-08 20:40:00,2025-03-08 20:59:00,19,West,Cardiology,4
1000000236,MI,2025-03-08 18:11:00,2025-03-08 18:51:00,40,Midwest,Neurology,9
1000000237,NY,2025-03-08 15:38:00,2025-03-08 17:36:00,118,West,Orthopedics,9
1000000238,PA,2025-03-08 08:00:00,2025-03-08 09:21:00,81,West,Cardiology,7
1000000239,CA,2025-03-08 10:33:00,2025-03-08 11:09:00,36,Midwest,Cardiology,4
1000000240,NY,2025-03-08 19:27:00,2025-03-08 19:57:00,30,Northeast,Cardiology,7
1000000241,NC,2025-03-08 16:31:00,2025-03-08 17:54:00,83,Northeast,General Practice,0
1000000242,CA,2025-03-08 20:18:00,2025-03-08 20:55:00,37,Midwest,Orthopedics,3
1000000243,MI,2025-03-08 07:35:00,2025-03-08 09:05:00,90,West,Cardiology,0
1000000244,CA,2025-03-08 12:16:00,2025-03-08 13:31:00,75,Northeast,Cardiology,6
1000000245,FL,2025-03-08 15:53:00,2025-03-08 16:28:00,35,Midwest,Neurology,2
1000000246,FL,2025-03-08 17:22:00,2025-03-08 17:31:00,9,Midwest,Oncology,3
1000000247,IL,2025-03-08 12:28:00,2025-03-08 13:41:00,73,Midwest,Oncology,0
1000000248,FL,2025-03-08 17:39:00,2025-03-08 18:50:00,71,West,Cardiology,6
1000000249,PA,2025-03-08 14:49:00,2025-03-08 16:01:00,72,South,Pediatrics,8
1000000250,IL,2025-03-08 07:05:00,2025-03-08 07:26:00,21,South,General Practice,9
1000000251,NC,2025-03-08 20:09:00,2025-03-08 21:52:00,103,South,Neurology,4
1000000252,NY,2025-03-08 19:52:00,2025-03-08 20:39:00,47,South,Orthopedics,6
1000000253,TX,2025-03-08 14:39:00,2025-03-08 16:04:00,85,Midwest,General Practice,3
1000000254,OH,2025-03-08 10:25:00,2025-03-08 11:31:00,66,Midwest,Neurology,4
1000000255,CA,2025-03-08 14:59:00,2025-03-08 16:01:00,62,Midwest,Oncology,5
1000000256,OH,2025-03-08 17:12:00,2025-03-08 18:57:00,105,West,Cardiology,2
1000000257,MI,2025-03-08 15:20:00,2025-03-08 15:26:00,6,Northeast,Cardiology,9
1000000258,CA,2025-03-08 08:31:00,2025-03-08 09:27:00,56,Northeast,Orthopedics,6
1000000259,CA,2025-03-08 08:25:00,2025-03-08 10:07:00,102,South,Neurology,3
1000000260,NY,2025-03-08 15:21:00,2025-03-08 16:05:00,44,Northeast,Oncology,4
1000000261,TX,2025-03-08 12:16:00,2025-03-08 13:25:00,69,Northeast,General Practice,5
1000000262,OH,2025-03-08 07:58:00,2025-03-08 08:27:00,29,South,General Practice,6
1000000263,FL,2025-03-08 17:52:00,2025-03-08 18:00:00,8,West,Oncology,7
1000000264,FL,2025-03-08 14:38:00,2025-03-08 16:37:00,119,South,Radiology,3
1000000265,MI,2025-03-08 17:22:00,2025-03-08 18:47:00,85,West,Neurology,6
1000000266,GA,2025-03-08 11:46:00,2025-03-08 13:24:00,98,West,Pediatrics,7
1000000267,IL,2025-03-08 07:39:00,2025-03-08 08:37:00,58,Midwest,Oncology,7
1000000268,PA,2025-03-08 11:49:00,2025-03-08 13:21:00,92,South,Pediatrics,4
1000000269,NY,2025-03-08 12:54:00,2025-03-08 13:02:00,8,Midwest,Orthopedics,3
1000000270,OH,2025-03-08 08:32:00,2025-03-08 10:01:00,89,Midwest,General Practice,2
1000000271,PA,2025-03-08 16:42:00,2025-03-08 17:51:00,69,West,Neurology,3
1000000272,CA,2025-03-08 13:35:00,2025-03-08 15:12:00,97,Midwest,Pediatrics,9
1000000273,GA,2025-03-08 09:18:00,2025-03-08 10:01:00,43,South,Orthopedics,7
1000000274,FL,2025-03-08 16:12:00,2025-03-08 17:17:00,65,Midwest,Radiology,7
1000000275,OH,2025-03-08 06:27:00,2025-03-08 07:43:00,76,Northeast,Pediatrics,10
1000000276,OH,2025-03-08 09:06:00,2025-03-08 10:38:00,92,Midwest,Radiology,4
1000000277,CA,2025-03-08 11:31:00,2025-03-08 13:17:00,106,West,Oncology,6
1000000278,TX,2025-03-08 18:35:00,2025-03-08 19:36:00,61,West,Neurology,1
1000000279,NY,2025-03-08 13:34:00,2025-03-08 13:40:00,6,South,Pediatrics,4
1000000280,PA,2025-03-08 12:50:00,2025-03-08 13:41:00,51,West,Oncology,5
1000000281,IL,2025-03-08 20:18:00,2025-03-08 21:00:00,42,South,Orthopedics,7
1000000282,TX,2025-03-08 06:20:00,2025-03-08 07:32:00,72,Midwest,Cardiology,2
1000000283,FL,2025-03-08 09:02:00,2025-03-08 09:53:00,51,Midwest,Orthopedics,8
1000000284,NC,2025-03-08 07:08:00,2025-03-08 07:57:00,49,West,General Practice,8
1000000285,CA,2025-03-08 20:08:00,2025-03-08 20:48:00,40,South,Orthopedics,7
1000000286,TX,2025-03-08 06:33:00,2025-03-08 08:29:00,116,Midwest,General Practice,9
1000000287,CA,2025-03-08 18:23:00,2025-03-08 18:43:00,20,West,Radiology,9
1000000288,NC,2025-03-08 11:54:00,2025-03-08 13:38:00,104,South,Oncology,10
1000000289,PA,2025-03-08 13:37:00,2025-03-08 14:00:00,23,South,Neurology,6
1000000290,IL,2025-03-08 11:42:00,2025-03-08 12:40:00,58,Northeast,Oncology,9
1000000291,MI,2025-03-08 12:28:00,2025-03-08 14:19:00,111,Northeast,Oncology,5
1000000292,FL,2025-03-08 19:21:00,2025-03-08 19:30:00,9,Midwest,Pediatrics,5
1000000293,FL,2025-03-08 16:12:00,2025-03-08 17:45:00,93,Midwest,Neurology,0
1000000294,IL,2025-03-08 06:13:00,2025-03-08 07:02:00,49,Northeast,Oncology,2
1000000295,NC,2025-03-08 06:39:00,2025-03-08 06:52:00,13,Northeast,Oncology,10
1000000296,CA,2025-03-08 10:54:00,2025-03-08 11:16:00,22,West,Orthopedics,3
1000000297,FL,2025-03-08 13:55:00,2025-03-08 14:48:00,53,Midwest,Cardiology,3
1000000298,CA,2025-03-08 14:05:00,2025-03-08 15:11:00,66,Midwest,Radiology,9
1000000299,NY,2025-03-08 12:36:00,2025-03-08 12:48:00,12,Northeast,Oncology,4
1000000300,GA,2025-03-08 13:18:00,2025-03-08 14:01:00,43,Northeast,Radiology,6
1000000301,TX,2025-03-08 08:46:00,2025-03-08 09:16:00,30,Northeast,General Practice,0
1000000302,TX,2025-03-08 06:56:00,2025-03-08 08:08:00,72,Northeast,Cardiology,7
1000000303,FL,2025-03-08 16:50:00,2025-03-08 18:09:00,79,South,Neurology,3
1000000304,PA,2025-03-08 07:48:00,2025-03-08 08:53:00,65,Midwest,Pediatrics,5
1000000305,NY,2025-03-08 20:46:00,2025-03-08 21:57:00,71,West,Cardiology,1
1000000306,GA,2025-03-08 15:55:00,2025-03-08 16:32:00,37,Midwest,Pediatrics,1
1000000307,FL,2025-03-08 14:12:00,2025-03-08 14:23:00,11,Midwest,General Practice,1
1000000308,PA,2025-03-08 20:13:00,2025-03-08 21:43:00,90,South,Neurology,1
1000000309,MI,2025-03-08 17:24:00,2025-03-08 18:09:00,45,West,Cardiology,0
1000000310,FL,2025-03-08 07:38:00,2025-03-08 07:56:00,18,South,Cardiology,5
1000000311,PA,2025-03-08 12:56:00,2025-03-08 13:54:00,58,West,Cardiology,7
1000000312,IL,2025-03-08 14:55:00,2025-03-08 16:10:00,75,Midwest,Radiology,4
1000000313,NC,2025-03-08 06:21:00,2025-03-08 07:00:00,39,Midwest,Pediatrics,8
1000000314,NY,2025-03-08 16:35:00,2025-03-08 17:29:00,54,Midwest,General Practice,4
1000000315,OH,2025-03-08 19:06:00,2025-03-08 19:58:00,52,Northeast,Oncology,0
1000000316,MI,2025-03-08 18:03:00,2025-03-08 19:03:00,60,West,Oncology,6
1000000317,MI,2025-03-08 18:45:00,2025-03-08 19:33:00,48,South,Radiology,10
1000000318,GA,2025-03-08 12:21:00,2025-03-08 13:08:00,47,Midwest,Cardiology,1
1000000319,NC,2025-03-08 16:20:00,2025-03-08 17:44:00,84,West,General Practice,8
1000000320,CA,2025-03-08 15:49:00,2025-03-08 16:11:00,22,West,Neurology,1
1000000321,OH,2025-03-08 17:13:00,2025-03-08 18:04:00,51,Northeast,Radiology,0
1000000322,CA,2025-03-08 06:05:00,2025-03-08 07:27:00,82,Midwest,Orthopedics,1
1000000323,MI,2025-03-08 09:00:00,2025-03-08 10:58:00,118,South,Pediatrics,3
1000000324,TX,2025-03-08 10:33:00,2025-03-08 12:06:00,93,West,Radiology,2
1000000325,NC,2025-03-08 15:15:00,2025-03-08 17:02:00,107,South,Oncology,8
1000000326,CA,2025-03-08 14:12:00,2025-03-08 15:26:00,74,Midwest,General Practice,9
1000000327,TX,2025-03-08 15:09:00,2025-03-08 15:33:00,24,West,Cardiology,8
1000000328,TX,2025-03-08 14:35:00,2025-03-08 15:23:00,48,South,Oncology,0
1000000329,MI,2025-03-08 10:06:00,2025-03-08 11:59:00,113,West,Neurology,3
1000000330,TX,2025-03-08 13:05:00,2025-03-08 14:21:00,76,Midwest,Radiology,3
1000000331,PA,2025-03-08 09:11:00,2025-03-08 09:59:00,48,South,Cardiology,5
1000000332,TX,2025-03-08 06:10:00,2025-03-08 07:41:00,91,South,General Practice,10
1000000333,TX,2025-03-08 08:03:00,2025-03-08 09:30:00,87,Northeast,Cardiology,7
1000000334,PA,2025-03-08 08:34:00,2025-03-08 10:28:00,114,South,Radiology,9
1000000335,OH,2025-03-08 15:16:00,2025-03-08 16:41:00,85,Midwest,Neurology,8
1000000336,FL,2025-03-08 10:04:00,2025-03-08 11:00:00,56,South,Pediatrics,6
1000000337,NC,2025-03-08 07:30:00,2025-03-08 08:43:00,73,West,Radiology,2
1000000338,TX,2025-03-08 06:44:00,2025-03-08 08:42:00,118,South,Cardiology,4
1000000339,NY,2025-03-08 17:25:00,2025-03-08 18:36:00,71,Midwest,Cardiology,5
1000000340,TX,2025-03-08 15:45:00,2025-03-08 17:13:00,88,South,Cardiology,2
1000000341,IL,2025-03-08 12:20:00,2025-03-08 14:19:00,119,South,Orthopedics,1
1000000342,NY,2025-03-08 13:48:00,2025-03-08 15:05:00,77,Midwest,Neurology,2
1000000343,MI,2025-03-08 12:41:00,2025-03-08 13:48:00,67,Northeast,Cardiology,9
1000000344,CA,2025-03-08 13:06:00,2025-03-08 13:44:00,38,South,Radiology,1
1000000345,TX,2025-03-08 07:05:00,2025-03-08 08:26:00,81,Midwest,General Practice,10
1000000346,CA,2025-03-08 20:17:00,2025-03-08 21:49:00,92,Northeast,Cardiology,6
1000000347,PA,2025-03-08 07:17:00,2025-03-08 07:32:00,15,South,Oncology,0
1000000348,CA,2025-03-08 08:04:00,2025-03-08 08:12:00,8,Northeast,Pediatrics,4
1000000349,MI,2025-03-08 13:41:00,2025-03-08 14:20:00,39,Northeast,Neurology,1
1000000350,CA,2025-03-08 06:28:00,2025-03-08 06:56:00,28,Northeast,Orthopedics,2
1000000351,NC,2025-03-08 11:56:00,2025-03-08 12:12:00,16,Northeast,Radiology,7
1000000352,NY,2025-03-08 09:41:00,2025-03-08 11:18:00,97,Midwest,Pediatrics,5
1000000353,PA,2025-03-08 08:18:00,2025-03-08 09:16:00,58,Northeast,General Practice,2
1000000354,CA,2025-03-08 10:27:00,2025-03-08 11:28:00,61,South,Oncology,10
1000000355,NC,2025-03-08 13:13:00,2025-03-08 13:50:00,37,Midwest,Pediatrics,2
1000000356,MI,2025-03-08 19:11:00,2025-03-08 20:09:00,58,South,Radiology,8
1000000357,NC,2025-03-08 18:33:00,2025-03-08 19:12:00,39,Midwest,General Practice,0
1000000358,CA,2025-03-08 13:10:00,2025-03-08 14:52:00,102,West,Neurology,4
1000000359,GA,2025-03-08 16:54:00,2025-03-08 18:13:00,79,Midwest,Pediatrics,2
1000000360,FL,2025-03-08 10:33:00,2025-03-08 11:15:00,42,South,Oncology,9
1000000361,NY,2025-03-08 13:14:00,2025-03-08 14:54:00,100,Northeast,General Practice,4
1000000362,CA,2025-03-08 16:58:00,2025-03-08 17:12:00,14,Midwest,General Practice,4
1000000363,OH,2025-03-08 07:19:00,2025-03-08 08:58:00,99,Northeast,Pediatrics,5
1000000364,TX,2025-03-08 07:17:00,2025-03-08 08:43:00,86,West,Radiology,9
1000000365,GA,2025-03-08 06:58:00,2025-03-08 08:56:00,118,West,Oncology,5
1000000366,NY,2025-03-08 07:46:00,2025-03-08 09:23:00,97,Midwest,General Practice,10
1000000367,FL,2025-03-08 10:08:00,2025-03-08 11:50:00,102,Midwest,Orthopedics,2
1000000368,MI,2025-03-08 16:49:00,2025-03-08 18:04:00,75,South,Orthopedics,10
1000000369,FL,2025-03-08 06:59:00,2025-03-08 08:06:00,67,Midwest,Oncology,4
1000000370,TX,2025-03-08 18:18:00,2025-03-08 20:11:00,113,West,Cardiology,7
1000000371,CA,2025-03-08 07:32:00,2025-03-08 07:53:00,21,West,Cardiology,5
1000000372,NY,2025-03-08 11:23:00,2025-03-08 11:53:00,30,South,Neurology,5
1000000373,FL,2025-03-08 15:30:00,2025-03-08 16:19:00,49,Midwest,Neurology,3
1000000374,NC,2025-03-08 20:03:00,2025-03-08 21:44:00,101,South,Cardiology,0
1000000375,TX,2025-03-08 16:31:00,2025-03-08 16:38:00,7,South,Cardiology,8
1000000376,OH,2025-03-08 13:27:00,2025-03-08 13:58:00,31,South,Radiology,3
1000000377,IL,2025-03-08 06:36:00,2025-03-08 08:32:00,116,Midwest,Cardiology,8
1000000378,MI,2025-03-08 09:52:00,2025-03-08 10:49:00,57,Midwest,Radiology,8
1000000379,FL,2025-03-08 19:21:00,2025-03-08 21:05:00,104,West,Cardiology,3
1000000380,TX,2025-03-08 15:34:00,2025-03-08 17:05:00,91,South,Neurology,8
1000000381,NY,2025-03-08 20:14:00,2025-03-08 22:12:00,118,Midwest,Cardiology,3
1000000382,TX,2025-03-08 12:05:00,2025-03-08 13:52:00,107,West,Radiology,7
1000000383,OH,2025-03-08 12:28:00,2025-03-08 13:13:00,45,Northeast,Cardiology,8
1000000384,CA,2025-03-08 20:07:00,2025-03-08 21:29:00,82,Northeast,Radiology,7
1000000385,IL,2025-03-08 11:35:00,2025-03-08 13:14:00,99,Midwest,Cardiology,6
1000000386,GA,2025-03-08 18:06:00,2025-03-08 19:53:00,107,West,General Practice,9
1000000387,FL,2025-03-08 13:21:00,2025-03-08 14:53:00,92,Midwest,Neurology,4
1000000388,TX,2025-03-08 20:50:00,2025-03-08 21:50:00,60,Northeast,Oncology,8
1000000389,NY,2025-03-08 12:59:00,2025-03-08 13:30:00,31,Midwest,Neurology,1
1000000390,PA,2025-03-08 17:04:00,2025-03-08 18:41:00,97,Midwest,Orthopedics,5
1000000391,PA,2025-03-08 11:34:00,2025-03-08 13:16:00,102,Northeast,Oncology,3
1000000392,CA,2025-03-08 07:15:00,2025-03-08 09:13:00,118,Midwest,Pediatrics,0
1000000393,PA,2025-03-08 15:10:00,2025-03-08 16:58:00,108,South,Pediatrics,1
1000000394,FL,2025-03-08 11:31:00,2025-03-08 11:49:00,18,Midwest,Radiology,5
1000000395,FL,2025-03-08 17:07:00,2025-03-08 18:48:00,101,West,Cardiology,5
1000000396,FL,2025-03-08 08:37:00,2025-03-08 09:23:00,46,South,Pediatrics,4
1000000397,NC,2025-03-08 15:39:00,2025-03-08 17:03:00,84,West,Radiology,8
1000000398,NC,2025-03-08 09:38:00,2025-03-08 10:09:00,31,West,Radiology,9
1000000399,IL,2025-03-08 09:47:00,2025-03-08 10:18:00,31,South,General Practice,2
1000000400,IL,2025-03-08 20:54:00,2025-03-08 21:34:00,40,Northeast,Orthopedics,9
1000000401,TX,2025-03-08 10:28:00,2025-03-08 11:38:00,70,South,General Practice,1
1000000402,TX,2025-03-08 17:50:00,2025-03-08 19:27:00,97,Northeast,Radiology,10
1000000403,IL,2025-03-08 13:08:00,2025-03-08 14:52:00,104,South,Radiology,5
1000000404,IL,2025-03-08 19:42:00,2025-03-08 21:01:00,79,Midwest,Radiology,7
1000000405,CA,2025-03-08 18:41:00,2025-03-08 20:40:00,119,Midwest,General Practice,1
1000000406,MI,2025-03-08 17:31:00,2025-03-08 17:38:00,7,Northeast,Oncology,3
1000000407,GA,2025-03-08 15:20:00,2025-03-08 16:27:00,67,Midwest,Radiology,8
1000000408,NC,2025-03-08 11:05:00,2025-03-08 11:54:00,49,Northeast,Pediatrics,5
1000000409,OH,2025-03-08 15:37:00,2025-03-08 16:52:00,75,South,Neurology,9
1000000410,PA,2025-03-08 09:44:00,2025-03-08 10:30:00,46,Midwest,Radiology,10
1000000411,IL,2025-03-08 17:25:00,2025-03-08 18:57:00,92,Midwest,Cardiology,4
1000000412,FL,2025-03-08 15:29:00,2025-03-08 16:43:00,74,Northeast,Orthopedics,5
1000000413,PA,2025-03-08 09:16:00,2025-03-08 09:26:00,10,South,Pediatrics,5
1000000414,IL,2025-03-08 14:57:00,2025-03-08 16:20:00,83,South,Orthopedics,2
1000000415,IL,2025-03-08 06:44:00,2025-03-08 06:53:00,9,West,Pediatrics,7
1000000416,OH,2025-03-08 08:39:00,2025-03-08 10:02:00,83,Midwest,Oncology,9
1000000417,GA,2025-03-08 11:12:00,2025-03-08 12:11:00,59,South,Radiology,7
1000000418,NY,2025-03-08 19:33:00,2025-03-08 20:30:00,57,Northeast,Cardiology,1
1000000419,CA,2025-03-08 20:55:00,2025-03-08 22:07:00,72,Northeast,Orthopedics,6
1000000420,IL,2025-03-08 09:53:00,2025-03-08 11:42:00,109,West,Orthopedics,6
1000000421,FL,2025-03-08 13:51:00,2025-03-08 15:08:00,77,South,Oncology,1
1000000422,NC,2025-03-08 18:45:00,2025-03-08 19:08:00,23,South,Oncology,3
1000000423,PA,2025-03-08 11:05:00,2025-03-08 12:36:00,91,Northeast,Pediatrics,5
1000000424,NC,2025-03-08 06:06:00,2025-03-08 07:51:00,105,Midwest,Oncology,1
1000000425,NY,2025-03-08 11:38:00,2025-03-08 12:00:00,22,West,Oncology,3
1000000426,NC,2025-03-08 12:20:00,2025-03-08 13:42:00,82,West,Cardiology,4
1000000427,IL,2025-03-08 20:54:00,2025-03-08 21:50:00,56,Midwest,Radiology,6
1000000428,TX,2025-03-08 10:18:00,2025-03-08 10:24:00,6,Northeast,General Practice,3
1000000429,IL,2025-03-08 09:55:00,2025-03-08 10:00:00,5,Northeast,Orthopedics,3
1000000430,NC,2025-03-08 08:32:00,2025-03-08 10:28:00,116,Northeast,Neurology,4
1000000431,PA,2025-03-08 06:53:00,2025-03-08 08:44:00,111,West,Neurology,4
1000000432,OH,2025-03-08 20:37:00,2025-03-08 21:03:00,26,Midwest,Oncology,3
1000000433,CA,2025-03-08 07:03:00,2025-03-08 08:40:00,97,South,Orthopedics,7
1000000434,NC,2025-03-08 07:28:00,2025-03-08 08:18:00,50,Northeast,Orthopedics,3
1000000435,CA,2025-03-08 17:15:00,2025-03-08 17:23:00,8,South,Orthopedics,8
1000000436,PA,2025-03-08 08:02:00,2025-03-08 08:54:00,52,Northeast,General Practice,6
1000000437,GA,2025-03-08 16:04:00,2025-03-08 17:18:00,74,South,General Practice,10
1000000438,GA,2025-03-08 12:30:00,2025-03-08 13:43:00,73,South,General Practice,9
1000000439,NY,2025-03-08 13:32:00,2025-03-08 14:21:00,49,West,General Practice,2
1000000440,MI,2025-03-08 07:20:00,2025-03-08 08:15:00,55,South,Cardiology,5
1000000441,OH,2025-03-08 13:20:00,2025-03-08 15:16:00,116,South,Pediatrics,7
1000000442,GA,2025-03-08 11:36:00,2025-03-08 11:47:00,11,Midwest,Pediatrics,6
1000000443,FL,2025-03-08 12:49:00,2025-03-08 13:19:00,30,Midwest,Orthopedics,0
1000000444,OH,2025-03-08 17:00:00,2025-03-08 17:24:00,24,South,Radiology,8
1000000445,MI,2025-03-08 20:06:00,2025-03-08 21:35:00,89,Northeast,Radiology,8
1000000446,IL,2025-03-08 17:40:00,2025-03-08 19:23:00,103,South,Radiology,5
1000000447,IL,2025-03-08 13:51:00,2025-03-08 14:09:00,18,West,General Practice,2
1000000448,PA,2025-03-08 13:47:00,2025-03-08 14:43:00,56,Midwest,Orthopedics,6
1000000449,NY,2025-03-08 10:27:00,2025-03-08 12:01:00,94,Northeast,Cardiology,7
1000000450,CA,2025-03-08 15:36:00,2025-03-08 15:43:00,7,South,Orthopedics,3
1000000451,GA,2025-03-08 13:26:00,2025-03-08 14:04:00,38,West,Oncology,9
1000000452,NY,2025-03-08 15:53:00,2025-03-08 15:59:00,6,West,Oncology,3
1000000453,NC,2025-03-08 16:48:00,2025-03-08 17:43:00,55,West,Pediatrics,3
1000000454,TX,2025-03-08 07:18:00,2025-03-08 07:30:00,12,South,General Practice,2
1000000455,CA,2025-03-08 07:22:00,2025-03-08 08:15:00,53,South,Cardiology,10
1000000456,PA,2025-03-08 11:20:00,2025-03-08 13:16:00,116,Northeast,Cardiology,0
1000000457,PA,2025-03-08 08:23:00,2025-03-08 09:23:00,60,Midwest,General Practice,8
1000000458,CA,2025-03-08 08:34:00,2025-03-08 08:57:00,23,Northeast,Pediatrics,6
1000000459,IL,2025-03-08 19:31:00,2025-03-08 20:37:00,66,South,Radiology,2
1000000460,MI,2025-03-08 06:14:00,2025-03-08 08:11:00,117,Midwest,Orthopedics,1
1000000461,MI,2025-03-08 09:50:00,2025-03-08 11:06:00,76,Midwest,Orthopedics,1
1000000462,PA,2025-03-08 08:28:00,2025-03-08 10:17:00,109,Northeast,Pediatrics,0
1000000463,TX,2025-03-08 15:43:00,2025-03-08 17:22:00,99,Midwest,General Practice,5
1000000464,IL,2025-03-08 13:29:00,2025-03-08 15:19:00,110,South,Pediatrics,8
1000000465,GA,2025-03-08 16:25:00,2025-03-08 18:02:00,97,South,Neurology,2
1000000466,TX,2025-03-08 13:06:00,2025-03-08 14:41:00,95,West,Radiology,10
1000000467,OH,2025-03-08 10:39:00,2025-03-08 12:29:00,110,Northeast,Pediatrics,5
1000000468,CA,2025-03-08 09:36:00,2025-03-08 11:04:00,88,West,Pediatrics,9
1000000469,IL,2025-03-08 10:49:00,2025-03-08 12:42:00,113,Northeast,Pediatrics,0
1000000470,NC,2025-03-08 06:11:00,2025-03-08 07:58:00,107,Midwest,Cardiology,5
1000000471,PA,2025-03-08 16:22:00,2025-03-08 18:13:00,111,Midwest,Oncology,6
1000000472,CA,2025-03-08 20:03:00,2025-03-08 20:48:00,45,South,General Practice,10
1000000473,OH,2025-03-08 08:03:00,2025-03-08 09:37:00,94,Midwest,Neurology,3
1000000474,FL,2025-03-08 06:12:00,2025-03-08 06:47:00,35,Northeast,Oncology,7
1000000475,FL,2025-03-08 18:38:00,2025-03-08 20:31:00,113,Midwest,Pediatrics,8
1000000476,IL,2025-03-08 10:58:00,2025-03-08 12:21:00,83,Midwest,General Practice,8
1000000477,NY,2025-03-08 06:44:00,2025-03-08 08:39:00,115,Midwest,Oncology,5
1000000478,FL,2025-03-08 17:03:00,2025-03-08 18:55:00,112,Northeast,Orthopedics,10
1000000479,NC,2025-03-08 11:39:00,2025-03-08 11:48:00,9,West,Neurology,0
1000000480,GA,2025-03-08 11:09:00,2025-03-08 12:35:00,86,West,General Practice,10
1000000481,MI,2025-03-08 08:32:00,2025-03-08 09:10:00,38,Northeast,Orthopedics,8
1000000482,IL,2025-03-08 13:47:00,2025-03-08 14:43:00,56,South,Cardiology,2
1000000483,PA,2025-03-08 13:40:00,2025-03-08 14:08:00,28,Midwest,Pediatrics,5
1000000484,NY,2025-03-08 15:48:00,2025-03-08 16:41:00,53,South,Radiology,6
1000000485,GA,2025-03-08 17:28:00,2025-03-08 17:33:00,5,Northeast,Cardiology,9
1000000486,NY,2025-03-08 10:32:00,2025-03-08 10:54:00,22,West,Cardiology,7
1000000487,IL,2025-03-08 07:53:00,2025-03-08 09:47:00,114,Northeast,General Practice,4
1000000488,IL,2025-03-08 11:09:00,2025-03-08 11:22:00,13,Northeast,Pediatrics,2
1000000489,OH,2025-03-08 14:14:00,2025-03-08 14:51:00,37,South,Neurology,6
1000000490,FL,2025-03-08 12:30:00,2025-03-08 12:49:00,19,West,Oncology,1
1000000491,IL,2025-03-08 15:33:00,2025-03-08 15:44:00,11,South,General Practice,1
1000000492,PA,2025-03-08 18:56:00,2025-03-08 20:32:00,96,West,Cardiology,8
1000000493,PA,2025-03-08 13:56:00,2025-03-08 14:01:00,5,Northeast,Orthopedics,2
1000000494,NC,2025-03-08 14:52:00,2025-03-08 16:49:00,117,West,Neurology,3
1000000495,IL,2025-03-08 13:28:00,2025-03-08 14:30:00,62,South,General Practice,6
1000000496,CA,2025-03-08 11:35:00,2025-03-08 11:50:00,15,Northeast,Neurology,7
1000000497,TX,2025-03-08 08:00:00,2025-03-08 08:22:00,22,Midwest,General Practice,3
1000000498,IL,2025-03-08 19:16:00,2025-03-08 20:42:00,86,West,Radiology,2
1000000499,TX,2025-03-08 20:41:00,2025-03-08 21:19:00,38,West,General Practice,10
1000000500,IL,2025-03-08 19:21:00,2025-03-08 20:25:00,64,South,Cardiology,9
1000000501,NY,2025-03-08 20:05:00,2025-03-08 22:00:00,115,Midwest,Pediatrics,2
1000000502,NC,2025-03-08 15:10:00,2025-03-08 16:35:00,85,South,Radiology,10
1000000503,GA,2025-03-08 06:10:00,2025-03-08 06:22:00,12,Northeast,Oncology,6
1000000504,IL,2025-03-08 12:41:00,2025-03-08 13:08:00,27,Northeast,Radiology,5
1000000505,CA,2025-03-08 19:34:00,2025-03-08 21:07:00,93,Northeast,Cardiology,3
1000000506,NY,2025-03-08 06:02:00,2025-03-08 07:36:00,94,West,Pediatrics,5
1000000507,PA,2025-03-08 19:10:00,2025-03-08 20:16:00,66,West,Radiology,2
1000000508,MI,2025-03-08 19:59:00,2025-03-08 20:45:00,46,Northeast,General Practice,8
1000000509,CA,2025-03-08 11:07:00,2025-03-08 12:14:00,67,South,Pediatrics,4
1000000510,IL,2025-03-08 09:14:00,2025-03-08 10:34:00,80,South,Cardiology,7
1000000511,TX,2025-03-08 20:50:00,2025-03-08 21:45:00,55,South,Oncology,3
1000000512,GA,2025-03-08 09:53:00,2025-03-08 10:15:00,22,South,Oncology,3
1000000513,FL,2025-03-08 14:28:00,2025-03-08 14:57:00,29,Northeast,Neurology,0
1000000514,CA,2025-03-08 18:44:00,2025-03-08 19:02:00,18,South,Neurology,7
1000000515,GA,2025-03-08 09:59:00,2025-03-08 11:37:00,98,South,Neurology,2
1000000516,NY,2025-03-08 18:53:00,2025-03-08 19:06:00,13,Northeast,Oncology,5
1000000517,GA,2025-03-08 12:20:00,2025-03-08 12:40:00,20,West,Radiology,10
1000000518,FL,2025-03-08 20:52:00,2025-03-08 21:16:00,24,Northeast,Neurology,3
1000000519,IL,2025-03-08 11:34:00,2025-03-08 13:26:00,112,Northeast,General Practice,0
1000000520,CA,2025-03-08 15:07:00,2025-03-08 15:17:00,10,West,Pediatrics,2
1000000521,TX,2025-03-08 09:32:00,2025-03-08 11:00:00,88,South,General Practice,1
1000000522,GA,2025-03-08 10:30:00,2025-03-08 12:20:00,110,Northeast,General Practice,5
1000000523,TX,2025-03-08 10:45:00,2025-03-08 12:26:00,101,West,Orthopedics,7
1000000524,IL,2025-03-08 20:16:00,2025-03-08 22:08:00,112,South,Oncology,2
1000000525,FL,2025-03-08 16:37:00,2025-03-08 17:31:00,54,South,Cardiology,7
1000000526,MI,2025-03-08 17:57:00,2025-03-08 19:06:00,69,South,Orthopedics,5
1000000527,IL,2025-03-08 07:04:00,2025-03-08 07:41:00,37,South,Neurology,3
1000000528,MI,2025-03-08 16:04:00,2025-03-08 16:52:00,48,West,Pediatrics,8
1000000529,NC,2025-03-08 18:35:00,2025-03-08 20:14:00,99,Northeast,Radiology,4
1000000530,GA,2025-03-08 11:50:00,2025-03-08 13:15:00,85,West,Orthopedics,2
1000000531,GA,2025-03-08 06:41:00,2025-03-08 07:39:00,58,West,General Practice,5
1000000532,NC,2025-03-08 15:30:00,2025-03-08 17:30:00,120,Midwest,General Practice,8
1000000533,IL,2025-03-08 11:41:00,2025-03-08 13:10:00,89,West,Orthopedics,0
1000000534,MI,2025-03-08 14:14:00,2025-03-08 15:35:00,81,South,Pediatrics,6
1000000535,MI,2025-03-08 12:37:00,2025-03-08 14:32:00,115,West,General Practice,5
1000000536,NY,2025-03-08 15:09:00,2025-03-08 16:41:00,92,Northeast,Cardiology,4
1000000537,CA,2025-03-08 16:11:00,2025-03-08 17:44:00,93,West,General Practice,8
1000000538,OH,2025-03-08 11:43:00,2025-03-08 11:58:00,15,Midwest,Radiology,4
1000000539,CA,2025-03-08 09:02:00,2025-03-08 09:25:00,23,West,Radiology,7
1000000540,TX,2025-03-08 18:05:00,2025-03-08 19:54:00,109,Northeast,Oncology,0
1000000541,MI,2025-03-08 12:58:00,2025-03-08 14:53:00,115,Northeast,Neurology,4
1000000542,OH,2025-03-08 12:47:00,2025-03-08 14:28:00,101,West,Neurology,4
1000000543,IL,2025-03-08 17:37:00,2025-03-08 18:07:00,30,Northeast,Neurology,6
1000000544,NC,2025-03-08 19:56:00,2025-03-08 21:10:00,74,Midwest,Oncology,1
1000000545,NY,2025-03-08 13:35:00,2025-03-08 15:02:00,87,West,Cardiology,1
1000000546,OH,2025-03-08 11:12:00,2025-03-08 12:20:00,68,West,Cardiology,10
1000000547,MI,2025-03-08 18:00:00,2025-03-08 18:26:00,26,South,Cardiology,0
1000000548,TX,2025-03-08 20:19:00,2025-03-08 22:01:00,102,West,Pediatrics,8
1000000549,NY,2025-03-08 12:07:00,2025-03-08 13:21:00,74,Midwest,Orthopedics,3
1000000550,GA,2025-03-08 09:43:00,2025-03-08 10:14:00,31,Midwest,Orthopedics,2
1000000551,GA,2025-03-08 20:10:00,2025-03-08 20:34:00,24,West,Pediatrics,2
1000000552,MI,2025-03-08 20:50:00,2025-03-08 22:08:00,78,Northeast,Pediatrics,10
1000000553,IL,2025-03-08 19:05:00,2025-03-08 20:06:00,61,South,Orthopedics,2
1000000554,FL,2025-03-08 16:47:00,2025-03-08 18:07:00,80,West,Pediatrics,1
1000000555,CA,2025-03-08 06:05:00,2025-03-08 07:50:00,105,West,Orthopedics,3
1000000556,FL,2025-03-08 15:48:00,2025-03-08 17:09:00,81,West,Cardiology,1
1000000557,GA,2025-03-08 08:03:00,2025-03-08 08:37:00,34,Midwest,Oncology,1
1000000558,NY,2025-03-08 20:05:00,2025-03-08 20:30:00,25,South,Pediatrics,9
1000000559,CA,2025-03-08 06:47:00,2025-03-08 08:37:00,110,West,Oncology,9
1000000560,MI,2025-03-08 17:18:00,2025-03-08 19:15:00,117,West,Radiology,2
1000000561,OH,2025-03-08 15:44:00,2025-03-08 17:10:00,86,Northeast,Cardiology,5
1000000562,CA,2025-03-08 19:32:00,2025-03-08 20:48:00,76,Northeast,Orthopedics,2
1000000563,TX,2025-03-08 06:27:00,2025-03-08 07:47:00,80,West,General Practice,0
1000000564,FL,2025-03-08 10:08:00,2025-03-08 11:36:00,88,Northeast,Pediatrics,6
1000000565,NY,2025-03-08 10:44:00,2025-03-08 11:31:00,47,Midwest,Neurology,1
1000000566,CA,2025-03-08 20:01:00,2025-03-08 20:59:00,58,Midwest,General Practice,8
1000000567,CA,2025-03-08 11:34:00,2025-03-08 12:00:00,26,West,Neurology,4
1000000568,NC,2025-03-08 12:23:00,2025-03-08 12:44:00,21,West,Orthopedics,3
1000000569,PA,2025-03-08 19:17:00,2025-03-08 19:54:00,37,South,Cardiology,7
1000000570,OH,2025-03-08 14:56:00,2025-03-08 16:19:00,83,West,General Practice,1
1000000571,OH,2025-03-08 20:58:00,2025-03-08 21:07:00,9,Northeast,Neurology,1
1000000572,OH,2025-03-08 09:11:00,2025-03-08 09:42:00,31,West,Orthopedics,7
1000000573,PA,2025-03-08 09:33:00,2025-03-08 10:02:00,29,South,General Practice,3
1000000574,OH,2025-03-08 06:25:00,2025-03-08 07:11:00,46,West,General Practice,8
1000000575,MI,2025-03-08 14:24:00,2025-03-08 14:42:00,18,West,Neurology,2
1000000576,NC,2025-03-08 18:44:00,2025-03-08 19:53:00,69,South,Oncology,2
1000000577,PA,2025-03-08 11:53:00,2025-03-08 12:08:00,15,Northeast,Oncology,10
1000000578,NY,2025-03-08 10:39:00,2025-03-08 10:56:00,17,Northeast,Cardiology,2
1000000579,IL,2025-03-08 08:42:00,2025-03-08 10:05:00,83,West,Orthopedics,8
1000000580,NY,2025-03-08 06:12:00,2025-03-08 07:20:00,68,South,Radiology,8
1000000581,TX,2025-03-08 13:51:00,2025-03-08 15:33:00,102,Midwest,General Practice,10
1000000582,TX,2025-03-08 12:52:00,2025-03-08 13:39:00,47,Midwest,Radiology,2
1000000583,TX,2025-03-08 07:30:00,2025-03-08 08:30:00,60,Midwest,Orthopedics,3
1000000584,NY,2025-03-08 18:10:00,2025-03-08 19:43:00,93,West,Orthopedics,1
1000000585,TX,2025-03-08 13:08:00,2025-03-08 14:17:00,69,Northeast,Orthopedics,1
1000000586,CA,2025-03-08 15:20:00,2025-03-08 15:37:00,17,South,Cardiology,3
1000000587,FL,2025-03-08 19:54:00,2025-03-08 20:17:00,23,Midwest,Oncology,0
1000000588,FL,2025-03-08 19:18:00,2025-03-08 20:30:00,72,South,Neurology,10
1000000589,NY,2025-03-08 11:00:00,2025-03-08 11:12:00,12,Northeast,Pediatrics,6
1000000590,MI,2025-03-08 11:01:00,2025-03-08 12:12:00,71,West,Radiology,0
1000000591,PA,2025-03-08 19:53:00,2025-03-08 21:20:00,87,West,Cardiology,2
1000000592,GA,2025-03-08 18:56:00,2025-03-08 20:56:00,120,Northeast,General Practice,7
1000000593,MI,2025-03-08 14:29:00,2025-03-08 15:59:00,90,Northeast,Cardiology,3
1000000594,NY,2025-03-08 13:01:00,2025-03-08 14:04:00,63,Northeast,Oncology,4
1000000595,MI,2025-03-08 14:03:00,2025-03-08 15:30:00,87,Northeast,Neurology,2
1000000596,PA,2025-03-08 14:23:00,2025-03-08 15:26:00,63,Northeast,Orthopedics,9
1000000597,PA,2025-03-08 08:19:00,2025-03-08 10:00:00,101,South,Oncology,7
1000000598,FL,2025-03-08 07:00:00,2025-03-08 08:07:00,67,Midwest,Orthopedics,8
1000000599,MI,2025-03-08 06:28:00,2025-03-08 07:13:00,45,South,Radiology,4
1000000600,NC,2025-03-08 15:15:00,2025-03-08 16:20:00,65,West,Orthopedics,4
1000000601,NC,2025-03-08 13:18:00,2025-03-08 14:22:00,64,Midwest,Pediatrics,1
1000000602,OH,2025-03-08 20:15:00,2025-03-08 20:41:00,26,Northeast,Neurology,0
1000000603,OH,2025-03-08 08:37:00,2025-03-08 09:36:00,59,Midwest,Pediatrics,9
1000000604,FL,2025-03-08 11:06:00,2025-03-08 11:49:00,43,South,Oncology,9
1000000605,IL,2025-03-08 12:46:00,2025-03-08 14:43:00,117,Northeast,Cardiology,2
1000000606,CA,2025-03-08 20:00:00,2025-03-08 20:34:00,34,West,Radiology,2
1000000607,IL,2025-03-08 10:23:00,2025-03-08 11:30:00,67,West,Cardiology,6
1000000608,CA,2025-03-08 14:56:00,2025-03-08 15:13:00,17,Midwest,General Practice,6
1000000609,IL,2025-03-08 18:21:00,2025-03-08 18:37:00,16,South,Neurology,3
1000000610,NY,2025-03-08 12:12:00,2025-03-08 12:39:00,27,Northeast,Orthopedics,6
1000000611,IL,2025-03-08 09:54:00,2025-03-08 11:01:00,67,Northeast,Oncology,3
1000000612,NY,2025-03-08 11:17:00,2025-03-08 12:37:00,80,Northeast,Pediatrics,5
1000000613,NY,2025-03-08 17:43:00,2025-03-08 19:09:00,86,Midwest,Orthopedics,6
1000000614,GA,2025-03-08 09:38:00,2025-03-08 10:25:00,47,Northeast,Radiology,8
1000000615,PA,2025-03-08 13:56:00,2025-03-08 14:24:00,28,Midwest,Oncology,4
1000000616,PA,2025-03-08 19:37:00,2025-03-08 19:42:00,5,Northeast,Oncology,0
1000000617,GA,2025-03-08 06:25:00,2025-03-08 06:34:00,9,Northeast,Radiology,8
1000000618,MI,2025-03-08 07:32:00,2025-03-08 07:47:00,15,Northeast,Orthopedics,4
1000000619,FL,2025-03-08 19:24:00,2025-03-08 19:55:00,31,Northeast,Oncology,10
1000000620,TX,2025-03-08 16:58:00,2025-03-08 18:29:00,91,Northeast,Radiology,0
1000000621,OH,2025-03-08 14:13:00,2025-03-08 14:56:00,43,South,Oncology,0
1000000622,PA,2025-03-08 14:04:00,2025-03-08 15:00:00,56,Northeast,Cardiology,6
1000000623,MI,2025-03-08 14:54:00,2025-03-08 15:43:00,49,West,Oncology,5
1000000624,OH,2025-03-08 11:06:00,2025-03-08 11:34:00,28,Northeast,Cardiology,2
1000000625,TX,2025-03-08 12:13:00,2025-03-08 13:27:00,74,South,Pediatrics,4
1000000626,NC,2025-03-08 16:46:00,2025-03-08 18:30:00,104,Midwest,Cardiology,8
1000000627,PA,2025-03-08 19:04:00,2025-03-08 20:34:00,90,Midwest,Radiology,7
1000000628,NC,2025-03-08 11:31:00,2025-03-08 13:05:00,94,Midwest,Radiology,2
1000000629,TX,2025-03-08 08:21:00,2025-03-08 10:11:00,110,West,Pediatrics,8
1000000630,GA,2025-03-08 10:47:00,2025-03-08 12:31:00,104,West,Neurology,3
1000000631,OH,2025-03-08 13:29:00,2025-03-08 13:39:00,10,West,General Practice,3
1000000632,FL,2025-03-08 12:37:00,2025-03-08 13:51:00,74,South,Oncology,9
1000000633,TX,2025-03-08 06:22:00,2025-03-08 06:33:00,11,West,Cardiology,5
1000000634,IL,2025-03-08 19:35:00,2025-03-08 21:04:00,89,Midwest,General Practice,5
1000000635,CA,2025-03-08 10:27:00,2025-03-08 11:30:00,63,Midwest,Neurology,6
1000000636,IL,2025-03-08 07:39:00,2025-03-08 09:18:00,99,Northeast,Cardiology,9
1000000637,CA,2025-03-08 08:05:00,2025-03-08 08:34:00,29,Northeast,Radiology,5
1000000638,NY,2025-03-08 07:16:00,2025-03-08 08:18:00,62,Midwest,Radiology,6
1000000639,PA,2025-03-08 12:58:00,2025-03-08 14:34:00,96,West,Pediatrics,10
1000000640,NC,2025-03-08 13:32:00,2025-03-08 14:21:00,49,West,Radiology,5
1000000641,FL,2025-03-08 06:47:00,2025-03-08 07:24:00,37,South,Cardiology,8
1000000642,GA,2025-03-08 07:41:00,2025-03-08 07:57:00,16,South,Cardiology,1
1000000643,CA,2025-03-08 20:26:00,2025-03-08 22:18:00,112,South,Pediatrics,0
1000000644,OH,2025-03-08 19:16:00,2025-03-08 20:25:00,69,Northeast,General Practice,2
1000000645,FL,2025-03-08 09:04:00,2025-03-08 09:10:00,6,Midwest,Pediatrics,5
1000000646,TX,2025-03-08 11:59:00,2025-03-08 13:26:00,87,West,Pediatrics,5
1000000647,NY,2025-03-08 13:02:00,2025-03-08 13:36:00,34,West,General Practice,2
1000000648,OH,2025-03-08 11:42:00,2025-03-08 12:18:00,36,Midwest,General Practice,10
1000000649,OH,2025-03-08 13:09:00,2025-03-08 13:56:00,47,South,Oncology,0
1000000650,CA,2025-03-08 19:51:00,2025-03-08 20:18:00,27,West,Oncology,6
1000000651,PA,2025-03-08 19:39:00,2025-03-08 21:24:00,105,Midwest,Oncology,7
1000000652,NC,2025-03-08 07:23:00,2025-03-08 08:54:00,91,South,General Practice,4
1000000653,GA,2025-03-08 20:55:00,2025-03-08 22:40:00,105,Midwest,General Practice,10
1000000654,FL,2025-03-08 06:48:00,2025-03-08 08:31:00,103,Northeast,General Practice,10
1000000655,GA,2025-03-08 19:33:00,2025-03-08 20:43:00,70,Midwest,Neurology,0
1000000656,OH,2025-03-08 07:21:00,2025-03-08 07:47:00,26,Northeast,Pediatrics,6
1000000657,NC,2025-03-08 20:45:00,2025-03-08 22:24:00,99,Northeast,Cardiology,8
1000000658,MI,2025-03-08 07:43:00,2025-03-08 09:28:00,105,Midwest,Radiology,10
1000000659,CA,2025-03-08 20:04:00,2025-03-08 21:10:00,66,West,Pediatrics,5
1000000660,CA,2025-03-08 19:44:00,2025-03-08 20:47:00,63,West,Radiology,8
1000000661,NC,2025-03-08 20:36:00,2025-03-08 21:36:00,60,South,Neurology,4
1000000662,TX,2025-03-08 08:37:00,2025-03-08 10:07:00,90,Midwest,Cardiology,9
1000000663,MI,2025-03-08 20:23:00,2025-03-08 21:25:00,62,Midwest,Oncology,10
1000000664,CA,2025-03-08 18:44:00,2025-03-08 19:07:00,23,West,General Practice,7
1000000665,FL,2025-03-08 19:49:00,2025-03-08 21:09:00,80,South,Pediatrics,1
1000000666,MI,2025-03-08 13:50:00,2025-03-08 14:53:00,63,South,General Practice,1
1000000667,PA,2025-03-08 13:18:00,2025-03-08 14:23:00,65,Northeast,Radiology,1
1000000668,NC,2025-03-08 08:56:00,2025-03-08 10:42:00,106,South,Cardiology,7
1000000669,IL,2025-03-08 12:41:00,2025-03-08 13:57:00,76,West,Pediatrics,10
1000000670,MI,2025-03-08 09:28:00,2025-03-08 10:49:00,81,Northeast,Cardiology,6
1000000671,NY,2025-03-08 09:27:00,2025-03-08 10:16:00,49,Midwest,Orthopedics,8
1000000672,PA,2025-03-08 16:46:00,2025-03-08 17:17:00,31,West,Pediatrics,2
1000000673,PA,2025-03-08 13:31:00,2025-03-08 13:50:00,19,Midwest,General Practice,8
1000000674,NC,2025-03-08 19:34:00,2025-03-08 19:45:00,11,Midwest,Cardiology,5
1000000675,GA,2025-03-08 09:22:00,2025-03-08 09:37:00,15,West,Radiology,2
1000000676,IL,2025-03-08 16:31:00,2025-03-08 17:38:00,67,Northeast,Cardiology,10
1000000677,IL,2025-03-08 20:36:00,2025-03-08 22:05:00,89,South,General Practice,9
1000000678,TX,2025-03-08 19:27:00,2025-03-08 20:53:00,86,Midwest,Pediatrics,10
1000000679,NY,2025-03-08 16:01:00,2025-03-08 17:08:00,67,West,Oncology,4
1000000680,MI,2025-03-08 14:52:00,2025-03-08 16:19:00,87,West,General Practice,0
1000000681,GA,2025-03-08 10:22:00,2025-03-08 11:17:00,55,West,Neurology,6
1000000682,NY,2025-03-08 07:41:00,2025-03-08 08:07:00,26,West,Radiology,6
1000000683,TX,2025-03-08 17:32:00,2025-03-08 19:08:00,96,Northeast,Cardiology,1
1000000684,OH,2025-03-08 06:04:00,2025-03-08 07:06:00,62,Midwest,Pediatrics,2
1000000685,FL,2025-03-08 17:33:00,2025-03-08 18:08:00,35,Northeast,Oncology,4
1000000686,NY,2025-03-08 18:35:00,2025-03-08 20:29:00,114,South,Radiology,3
1000000687,OH,2025-03-08 08:34:00,2025-03-08 09:35:00,61,Midwest,Pediatrics,0
1000000688,PA,2025-03-08 17:49:00,2025-03-08 18:42:00,53,West,Neurology,7
1000000689,NY,2025-03-08 08:47:00,2025-03-08 09:12:00,25,West,Cardiology,6
1000000690,OH,2025-03-08 18:28:00,2025-03-08 19:22:00,54,Midwest,Pediatrics,7
1000000691,NC,2025-03-08 07:46:00,2025-03-08 08:10:00,24,South,Neurology,0
1000000692,MI,2025-03-08 15:25:00,2025-03-08 16:41:00,76,Midwest,Neurology,5
1000000693,MI,2025-03-08 14:08:00,2025-03-08 14:47:00,39,Northeast,Cardiology,5
1000000694,MI,2025-03-08 11:36:00,2025-03-08 12:50:00,74,Northeast,General Practice,8
1000000695,PA,2025-03-08 16:35:00,2025-03-08 17:00:00,25,West,Neurology,0
1000000696,IL,2025-03-08 17:13:00,2025-03-08 19:03:00,110,South,Oncology,9
1000000697,NC,2025-03-08 09:55:00,2025-03-08 10:25:00,30,South,Orthopedics,2
1000000698,PA,2025-03-08 12:45:00,2025-03-08 13:20:00,35,Midwest,Orthopedics,9
1000000699,CA,2025-03-08 17:05:00,2025-03-08 18:48:00,103,South,Pediatrics,6
1000000700,PA,2025-03-08 10:38:00,2025-03-08 12:22:00,104,South,Cardiology,1
1000000701,OH,2025-03-08 18:29:00,2025-03-08 19:37:00,68,West,Neurology,2
1000000702,IL,2025-03-08 10:00:00,2025-03-08 11:51:00,111,Northeast,Orthopedics,9
1000000703,NC,2025-03-08 15:34:00,2025-03-08 15:39:00,5,Midwest,Oncology,3
1000000704,CA,2025-03-08 12:07:00,2025-03-08 13:35:00,88,Northeast,Neurology,9
1000000705,GA,2025-03-08 20:14:00,2025-03-08 22:10:00,116,West,Orthopedics,0
1000000706,OH,2025-03-08 10:52:00,2025-03-08 11:39:00,47,Midwest,Radiology,3
1000000707,TX,2025-03-08 17:44:00,2025-03-08 19:29:00,105,Midwest,General Practice,0
1000000708,GA,2025-03-08 12:28:00,2025-03-08 13:09:00,41,Midwest,Radiology,5
1000000709,IL,2025-03-08 15:41:00,2025-03-08 16:41:00,60,Midwest,Orthopedics,4
1000000710,TX,2025-03-08 13:44:00,2025-03-08 14:27:00,43,South,Neurology,2
1000000711,IL,2025-03-08 20:09:00,2025-03-08 21:35:00,86,West,Pediatrics,2
1000000712,MI,2025-03-08 19:18:00,2025-03-08 20:29:00,71,Northeast,Radiology,1
1000000713,PA,2025-03-08 18:49:00,2025-03-08 19:09:00,20,Midwest,Neurology,3
1000000714,CA,2025-03-08 17:13:00,2025-03-08 17:20:00,7,Northeast,Pediatrics,6
1000000715,OH,2025-03-08 18:11:00,2025-03-08 18:19:00,8,West,Neurology,5
1000000716,PA,2025-03-08 16:56:00,2025-03-08 18:53:00,117,Northeast,Pediatrics,0
1000000717,FL,2025-03-08 17:46:00,2025-03-08 19:19:00,93,Northeast,Oncology,2
1000000718,IL,2025-03-08 11:35:00,2025-03-08 12:51:00,76,West,Orthopedics,9
1000000719,OH,2025-03-08 09:00:00,2025-03-08 10:15:00,75,South,Neurology,9
1000000720,PA,2025-03-08 12:37:00,2025-03-08 13:36:00,59,Midwest,Orthopedics,4
1000000721,PA,2025-03-08 07:15:00,2025-03-08 09:06:00,111,West,Oncology,5
1000000722,MI,2025-03-08 08:56:00,2025-03-08 10:03:00,67,Midwest,Orthopedics,9
1000000723,NY,2025-03-08 18:00:00,2025-03-08 19:15:00,75,West,Cardiology,4
1000000724,TX,2025-03-08 16:52:00,2025-03-08 18:33:00,101,Northeast,Pediatrics,2
1000000725,MI,2025-03-08 08:49:00,2025-03-08 09:24:00,35,South,General Practice,1
1000000726,NY,2025-03-08 09:19:00,2025-03-08 09:55:00,36,Northeast,General Practice,5
1000000727,MI,2025-03-08 09:57:00,2025-03-08 10:44:00,47,Midwest,Pediatrics,8
1000000728,CA,2025-03-08 06:48:00,2025-03-08 07:56:00,68,South,General Practice,10
1000000729,TX,2025-03-08 17:04:00,2025-03-08 18:32:00,88,Midwest,General Practice,5
1000000730,NC,2025-03-08 11:47:00,2025-03-08 13:26:00,99,Midwest,Pediatrics,7
1000000731,FL,2025-03-08 17:24:00,2025-03-08 19:24:00,120,South,General Practice,4
1000000732,PA,2025-03-08 18:29:00,2025-03-08 19:08:00,39,South,Oncology,3
1000000733,CA,2025-03-08 20:16:00,2025-03-08 20:52:00,36,Northeast,Oncology,7
1000000734,NY,2025-03-08 20:35:00,2025-03-08 21:23:00,48,Northeast,Cardiology,8
1000000735,FL,2025-03-08 20:30:00,2025-03-08 20:35:00,5,Midwest,Oncology,1
1000000736,TX,2025-03-08 06:09:00,2025-03-08 07:01:00,52,Northeast,General Practice,6
1000000737,NC,2025-03-08 10:51:00,2025-03-08 11:41:00,50,Northeast,Cardiology,10
1000000738,MI,2025-03-08 09:23:00,2025-03-08 10:48:00,85,Northeast,Pediatrics,8
1000000739,FL,2025-03-08 06:54:00,2025-03-08 07:45:00,51,Midwest,Neurology,7
1000000740,OH,2025-03-08 16:43:00,2025-03-08 18:09:00,86,West,Cardiology,3
1000000741,MI,2025-03-08 08:45:00,2025-03-08 09:43:00,58,Northeast,Neurology,4
1000000742,PA,2025-03-08 06:32:00,2025-03-08 08:21:00,109,West,General Practice,8
1000000743,NY,2025-03-08 18:50:00,2025-03-08 19:42:00,52,Northeast,Radiology,10
1000000744,MI,2025-03-08 18:16:00,2025-03-08 19:33:00,77,Northeast,Neurology,3
1000000745,TX,2025-03-08 12:41:00,2025-03-08 14:16:00,95,Northeast,Neurology,6
1000000746,IL,2025-03-08 20:56:00,2025-03-08 21:40:00,44,Midwest,General Practice,6
1000000747,IL,2025-03-08 09:22:00,2025-03-08 09:54:00,32,Midwest,Orthopedics,5
1000000748,IL,2025-03-08 19:23:00,2025-03-08 20:33:00,70,West,General Practice,2
1000000749,CA,2025-03-08 07:01:00,2025-03-08 08:19:00,78,West,General Practice,10
1000000750,PA,2025-03-08 06:11:00,2025-03-08 07:17:00,66,Northeast,Cardiology,0
1000000751,OH,2025-03-08 11:12:00,2025-03-08 11:57:00,45,South,Oncology,2
1000000752,FL,2025-03-08 14:17:00,2025-03-08 15:02:00,45,South,Pediatrics,7
1000000753,FL,2025-03-08 13:52:00,2025-03-08 15:00:00,68,West,General Practice,2
1000000754,NC,2025-03-08 20:20:00,2025-03-08 21:33:00,73,Northeast,Cardiology,7
1000000755,GA,2025-03-08 06:33:00,2025-03-08 08:25:00,112,Midwest,Pediatrics,0
1000000756,FL,2025-03-08 15:23:00,2025-03-08 16:07:00,44,Midwest,Neurology,8
1000000757,MI,2025-03-08 13:09:00,2025-03-08 14:08:00,59,South,General Practice,7
1000000758,CA,2025-03-08 19:42:00,2025-03-08 20:09:00,27,Midwest,Pediatrics,7
1000000759,OH,2025-03-08 08:46:00,2025-03-08 10:01:00,75,West,General Practice,2
1000000760,GA,2025-03-08 14:16:00,2025-03-08 14:54:00,38,West,Cardiology,7
1000000761,TX,2025-03-08 13:34:00,2025-03-08 15:12:00,98,South,Pediatrics,5
1000000762,PA,2025-03-08 15:50:00,2025-03-08 16:43:00,53,South,Oncology,7
1000000763,TX,2025-03-08 18:59:00,2025-03-08 19:36:00,37,Northeast,Radiology,9
1000000764,OH,2025-03-08 16:25:00,2025-03-08 18:00:00,95,West,Neurology,1
1000000765,OH,2025-03-08 14:50:00,2025-03-08 15:41:00,51,West,Cardiology,0
1000000766,MI,2025-03-08 18:26:00,2025-03-08 19:21:00,55,South,Neurology,2
1000000767,TX,2025-03-08 19:09:00,2025-03-08 20:33:00,84,Northeast,Orthopedics,4
1000000768,TX,2025-03-08 11:14:00,2025-03-08 11:25:00,11,South,Oncology,1
1000000769,PA,2025-03-08 13:50:00,2025-03-08 15:25:00,95,West,Radiology,0
1000000770,MI,2025-03-08 13:25:00,2025-03-08 14:57:00,92,South,Radiology,4
1000000771,IL,2025-03-08 20:54:00,2025-03-08 22:13:00,79,Northeast,Neurology,3
1000000772,NC,2025-03-08 10:20:00,2025-03-08 11:38:00,78,South,Pediatrics,5
1000000773,CA,2025-03-08 15:53:00,2025-03-08 17:17:00,84,Northeast,Radiology,1
1000000774,FL,2025-03-08 09:44:00,2025-03-08 11:01:00,77,West,General Practice,5
1000000775,NY,2025-03-08 06:41:00,2025-03-08 07:31:00,50,South,Oncology,9
1000000776,IL,2025-03-08 13:22:00,2025-03-08 14:07:00,45,West,Oncology,10
1000000777,IL,2025-03-08 10:15:00,2025-03-08 11:59:00,104,Midwest,Oncology,5
1000000778,PA,2025-03-08 11:18:00,2025-03-08 12:19:00,61,Midwest,General Practice,0
1000000779,TX,2025-03-08 09:51:00,2025-03-08 11:13:00,82,South,Oncology,0
1000000780,CA,2025-03-08 12:28:00,2025-03-08 14:08:00,100,West,Pediatrics,7
1000000781,MI,2025-03-08 14:22:00,2025-03-08 15:44:00,82,Northeast,Neurology,7
1000000782,OH,2025-03-08 12:31:00,2025-03-08 13:56:00,85,Midwest,General Practice,10
1000000783,IL,2025-03-08 17:06:00,2025-03-08 18:08:00,62,Northeast,Orthopedics,4
1000000784,IL,2025-03-08 11:14:00,2025-03-08 11:52:00,38,South,Cardiology,6
1000000785,NY,2025-03-08 06:12:00,2025-03-08 06:19:00,7,West,General Practice,0
1000000786,MI,2025-03-08 08:34:00,2025-03-08 09:35:00,61,Northeast,General Practice,8
1000000787,IL,2025-03-08 07:09:00,2025-03-08 07:44:00,35,West,Oncology,4
1000000788,PA,2025-03-08 15:34:00,2025-03-08 16:08:00,34,Midwest,Pediatrics,7
1000000789,OH,2025-03-08 15:41:00,2025-03-08 16:35:00,54,Midwest,Cardiology,7
1000000790,NY,2025-03-08 16:32:00,2025-03-08 16:47:00,15,South,Radiology,9
1000000791,FL,2025-03-08 07:53:00,2025-03-08 08:48:00,55,South,Neurology,6
1000000792,PA,2025-03-08 07:16:00,2025-03-08 08:55:00,99,Midwest,Cardiology,0
1000000793,PA,2025-03-08 10:42:00,2025-03-08 11:17:00,35,Midwest,Oncology,8
1000000794,OH,2025-03-08 07:43:00,2025-03-08 09:30:00,107,South,Neurology,1
1000000795,NC,2025-03-08 07:07:00,2025-03-08 07:21:00,14,Northeast,Cardiology,8
1000000796,FL,2025-03-08 06:31:00,2025-03-08 06:52:00,21,West,General Practice,4
1000000797,IL,2025-03-08 08:19:00,2025-03-08 09:07:00,48,South,Oncology,8
1000000798,FL,2025-03-08 13:03:00,2025-03-08 13:56:00,53,Midwest,Oncology,8
1000000799,IL,2025-03-08 12:23:00,2025-03-08 12:54:00,31,South,Pediatrics,8
1000000800,TX,2025-03-08 06:45:00,2025-03-08 07:59:00,74,Midwest,Pediatrics,2
1000000801,IL,2025-03-08 12:22:00,2025-03-08 13:35:00,73,Northeast,Orthopedics,5
1000000802,CA,2025-03-08 16:00:00,2025-03-08 16:31:00,31,Northeast,Pediatrics,9
1000000803,IL,2025-03-08 16:15:00,2025-03-08 17:28:00,73,West,Oncology,0
1000000804,PA,2025-03-08 12:09:00,2025-03-08 12:17:00,8,West,Neurology,8
1000000805,NY,2025-03-08 20:55:00,2025-03-08 22:11:00,76,Northeast,Neurology,9
1000000806,NY,2025-03-08 13:02:00,2025-03-08 14:59:00,117,South,Neurology,4
1000000807,TX,2025-03-08 10:59:00,2025-03-08 12:00:00,61,South,Cardiology,2
1000000808,PA,2025-03-08 08:01:00,2025-03-08 08:47:00,46,Northeast,General Practice,2
1000000809,CA,2025-03-08 12:17:00,2025-03-08 13:54:00,97,South,Neurology,10
1000000810,OH,2025-03-08 19:16:00,2025-03-08 20:54:00,98,Northeast,Neurology,10
1000000811,TX,2025-03-08 17:10:00,2025-03-08 17:15:00,5,Northeast,Cardiology,4
1000000812,IL,2025-03-08 20:55:00,2025-03-08 22:12:00,77,West,Orthopedics,8
1000000813,PA,2025-03-08 14:33:00,2025-03-08 15:50:00,77,West,Pediatrics,2
1000000814,NY,2025-03-08 14:23:00,2025-03-08 15:08:00,45,Northeast,Oncology,10
1000000815,NC,2025-03-08 20:06:00,2025-03-08 21:11:00,65,Northeast,Pediatrics,6
1000000816,OH,2025-03-08 12:15:00,2025-03-08 13:17:00,62,West,Orthopedics,7
1000000817,FL,2025-03-08 07:01:00,2025-03-08 07:51:00,50,South,General Practice,2
1000000818,TX,2025-03-08 06:37:00,2025-03-08 08:33:00,116,Midwest,General Practice,4
1000000819,MI,2025-03-08 07:06:00,2025-03-08 09:02:00,116,Midwest,Oncology,0
1000000820,TX,2025-03-08 08:16:00,2025-03-08 09:35:00,79,West,Oncology,2
1000000821,MI,2025-03-08 08:59:00,2025-03-08 10:24:00,85,South,Orthopedics,1
1000000822,OH,2025-03-08 15:49:00,2025-03-08 16:49:00,60,Midwest,Oncology,9
1000000823,CA,2025-03-08 10:18:00,2025-03-08 12:14:00,116,South,Radiology,1
1000000824,GA,2025-03-08 17:23:00,2025-03-08 18:20:00,57,West,Neurology,2
1000000825,NY,2025-03-08 11:37:00,2025-03-08 12:22:00,45,West,Radiology,0
1000000826,NC,2025-03-08 12:49:00,2025-03-08 13:18:00,29,South,Orthopedics,9
1000000827,CA,2025-03-08 16:02:00,2025-03-08 16:37:00,35,West,Neurology,9
1000000828,MI,2025-03-08 20:54:00,2025-03-08 21:24:00,30,Northeast,Orthopedics,0
1000000829,FL,2025-03-08 17:54:00,2025-03-08 19:20:00,86,West,General Practice,1
1000000830,GA,2025-03-08 11:53:00,2025-03-08 12:02:00,9,West,Radiology,2
1000000831,MI,2025-03-08 08:56:00,2025-03-08 10:44:00,108,West,Neurology,2
1000000832,PA,2025-03-08 15:13:00,2025-03-08 16:28:00,75,South,Orthopedics,5
1000000833,GA,2025-03-08 15:24:00,2025-03-08 15:42:00,18,Northeast,Pediatrics,10
1000000834,TX,2025-03-08 13:55:00,2025-03-08 15:50:00,115,West,Pediatrics,5
1000000835,MI,2025-03-08 12:57:00,2025-03-08 14:00:00,63,Midwest,Pediatrics,7
1000000836,TX,2025-03-08 07:02:00,2025-03-08 07:25:00,23,Northeast,Orthopedics,0
1000000837,OH,2025-03-08 13:30:00,2025-03-08 15:30:00,120,South,Radiology,9
1000000838,FL,2025-03-08 17:54:00,2025-03-08 18:21:00,27,Northeast,Cardiology,2
1000000839,NC,2025-03-08 20:24:00,2025-03-08 21:56:00,92,West,Cardiology,8
1000000840,CA,2025-03-08 19:05:00,2025-03-08 20:30:00,85,West,General Practice,5
1000000841,NY,2025-03-08 13:11:00,2025-03-08 13:28:00,17,Northeast,Neurology,5
1000000842,MI,2025-03-08 16:01:00,2025-03-08 17:38:00,97,Northeast,Oncology,10
1000000843,IL,2025-03-08 10:35:00,2025-03-08 12:22:00,107,Northeast,Orthopedics,7
1000000844,MI,2025-03-08 15:18:00,2025-03-08 15:49:00,31,Northeast,Radiology,5
1000000845,CA,2025-03-08 13:57:00,2025-03-08 14:16:00,19,West,Oncology,4
1000000846,NY,2025-03-08 06:56:00,2025-03-08 08:22:00,86,South,Oncology,9
1000000847,OH,2025-03-08 20:22:00,2025-03-08 21:29:00,67,Northeast,Oncology,4
1000000848,OH,2025-03-08 13:39:00,2025-03-08 14:03:00,24,Northeast,General Practice,6
1000000849,OH,2025-03-08 07:19:00,2025-03-08 07:52:00,33,Midwest,Orthopedics,7
1000000850,OH,2025-03-08 11:33:00,2025-03-08 13:24:00,111,West,Orthopedics,4
1000000851,OH,2025-03-08 16:53:00,2025-03-08 17:21:00,28,Northeast,Neurology,4
1000000852,IL,2025-03-08 11:14:00,2025-03-08 11:53:00,39,West,Radiology,9
1000000853,NC,2025-03-08 13:37:00,2025-03-08 15:03:00,86,Northeast,Radiology,2
1000000854,OH,2025-03-08 12:24:00,2025-03-08 13:19:00,55,Midwest,Cardiology,2
1000000855,NC,2025-03-08 09:48:00,2025-03-08 10:43:00,55,Northeast,Oncology,2
1000000856,GA,2025-03-08 08:49:00,2025-03-08 09:56:00,67,West,Oncology,8
1000000857,PA,2025-03-08 19:27:00,2025-03-08 20:35:00,68,West,Oncology,9
1000000858,GA,2025-03-08 11:08:00,2025-03-08 12:46:00,98,South,Oncology,6
1000000859,TX,2025-03-08 15:47:00,2025-03-08 17:38:00,111,West,General Practice,10
1000000860,MI,2025-03-08 15:23:00,2025-03-08 16:19:00,56,Northeast,Orthopedics,1
1000000861,IL,2025-03-08 20:28:00,2025-03-08 22:18:00,110,South,Oncology,6
1000000862,TX,2025-03-08 16:52:00,2025-03-08 18:28:00,96,Midwest,Radiology,10
1000000863,PA,2025-03-08 10:30:00,2025-03-08 11:15:00,45,Northeast,Cardiology,5
1000000864,FL,2025-03-08 06:00:00,2025-03-08 07:17:00,77,Midwest,Oncology,7
1000000865,PA,2025-03-08 17:06:00,2025-03-08 19:06:00,120,Midwest,Cardiology,3
1000000866,MI,2025-03-08 06:04:00,2025-03-08 08:04:00,120,Northeast,Pediatrics,7
1000000867,PA,2025-03-08 20:53:00,2025-03-08 22:11:00,78,South,Orthopedics,8
1000000868,PA,2025-03-08 15:06:00,2025-03-08 16:39:00,93,West,Cardiology,3
1000000869,MI,2025-03-08 19:56:00,2025-03-08 21:04:00,68,South,Radiology,3
1000000870,GA,2025-03-08 17:51:00,2025-03-08 19:32:00,101,Midwest,Cardiology,2
1000000871,GA,2025-03-08 11:58:00,2025-03-08 12:13:00,15,Midwest,Oncology,0
1000000872,NC,2025-03-08 15:33:00,2025-03-08 17:14:00,101,West,Orthopedics,9
1000000873,PA,2025-03-08 09:14:00,2025-03-08 09:54:00,40,Midwest,Cardiology,10
1000000874,IL,2025-03-08 10:03:00,2025-03-08 11:54:00,111,Northeast,General Practice,3
1000000875,FL,2025-03-08 14:48:00,2025-03-08 15:16:00,28,Northeast,Neurology,9
1000000876,PA,2025-03-08 17:50:00,2025-03-08 18:59:00,69,South,Radiology,1
1000000877,GA,2025-03-08 17:55:00,2025-03-08 19:37:00,102,Northeast,Cardiology,10
1000000878,TX,2025-03-08 19:31:00,2025-03-08 20:36:00,65,South,Neurology,1
1000000879,IL,2025-03-08 07:39:00,2025-03-08 09:34:00,115,Midwest,Neurology,5
1000000880,NC,2025-03-08 08:28:00,2025-03-08 10:02:00,94,South,Radiology,2
1000000881,MI,2025-03-08 13:41:00,2025-03-08 15:18:00,97,Midwest,Neurology,7
1000000882,CA,2025-03-08 16:55:00,2025-03-08 18:54:00,119,West,Neurology,10
1000000883,OH,2025-03-08 16:29:00,2025-03-08 17:54:00,85,Midwest,Oncology,2
1000000884,IL,2025-03-08 15:58:00,2025-03-08 16:15:00,17,West,General Practice,3
1000000885,FL,2025-03-08 10:35:00,2025-03-08 12:13:00,98,Midwest,Oncology,4
1000000886,CA,2025-03-08 20:15:00,2025-03-08 21:37:00,82,Midwest,Radiology,10
1000000887,CA,2025-03-08 15:34:00,2025-03-08 16:19:00,45,Midwest,Neurology,0
1000000888,NC,2025-03-08 13:15:00,2025-03-08 14:00:00,45,South,Cardiology,7
1000000889,CA,2025-03-08 11:42:00,2025-03-08 13:36:00,114,Northeast,Neurology,1
1000000890,TX,2025-03-08 14:25:00,2025-03-08 16:01:00,96,South,Neurology,6
1000000891,NC,2025-03-08 19:47:00,2025-03-08 21:40:00,113,Midwest,Oncology,5
1000000892,MI,2025-03-08 13:25:00,2025-03-08 14:51:00,86,West,Orthopedics,9
1000000893,IL,2025-03-08 13:37:00,2025-03-08 13:54:00,17,Midwest,Orthopedics,6
1000000894,NY,2025-03-08 14:18:00,2025-03-08 14:40:00,22,West,Oncology,4
1000000895,IL,2025-03-08 10:40:00,2025-03-08 11:28:00,48,West,Oncology,7
1000000896,IL,2025-03-08 06:27:00,2025-03-08 07:31:00,64,West,Pediatrics,1
1000000897,OH,2025-03-08 18:12:00,2025-03-08 19:02:00,50,Northeast,Cardiology,1
1000000898,OH,2025-03-08 15:27:00,2025-03-08 16:29:00,62,Midwest,General Practice,2
1000000899,NC,2025-03-08 07:54:00,2025-03-08 08:35:00,41,West,Orthopedics,4
1000000900,GA,2025-03-08 06:29:00,2025-03-08 07:35:00,66,Midwest,Cardiology,7
1000000901,OH,2025-03-08 06:01:00,2025-03-08 07:42:00,101,South,Orthopedics,8
1000000902,PA,2025-03-08 09:11:00,2025-03-08 09:18:00,7,South,Cardiology,0
1000000903,GA,2025-03-08 12:41:00,2025-03-08 13:30:00,49,South,Orthopedics,3
1000000904,GA,2025-03-08 14:57:00,2025-03-08 16:47:00,110,Midwest,Pediatrics,1
1000000905,FL,2025-03-08 11:57:00,2025-03-08 13:43:00,106,West,Cardiology,2
1000000906,GA,2025-03-08 10:52:00,2025-03-08 12:26:00,94,West,Neurology,5
1000000907,PA,2025-03-08 08:40:00,2025-03-08 09:14:00,34,Northeast,Radiology,0
1000000908,FL,2025-03-08 06:41:00,2025-03-08 08:33:00,112,West,Orthopedics,1
1000000909,PA,2025-03-08 11:43:00,2025-03-08 12:03:00,20,West,Neurology,3
1000000910,NC,2025-03-08 15:58:00,2025-03-08 16:42:00,44,Midwest,Cardiology,8
1000000911,TX,2025-03-08 18:38:00,2025-03-08 20:18:00,100,West,Neurology,3
1000000912,GA,2025-03-08 17:21:00,2025-03-08 18:30:00,69,Midwest,General Practice,4
1000000913,MI,2025-03-08 12:49:00,2025-03-08 14:15:00,86,Midwest,General Practice,2
1000000914,GA,2025-03-08 13:52:00,2025-03-08 15:38:00,106,South,Radiology,9
1000000915,GA,2025-03-08 11:46:00,2025-03-08 13:46:00,120,Northeast,Neurology,5
1000000916,CA,2025-03-08 14:18:00,2025-03-08 16:17:00,119,West,Pediatrics,0
1000000917,CA,2025-03-08 07:59:00,2025-03-08 09:29:00,90,Northeast,Orthopedics,2
1000000918,FL,2025-03-08 17:21:00,2025-03-08 19:07:00,106,Midwest,Pediatrics,7
1000000919,CA,2025-03-08 17:17:00,2025-03-08 18:03:00,46,Northeast,Orthopedics,8
1000000920,FL,2025-03-08 12:04:00,2025-03-08 13:49:00,105,Northeast,Orthopedics,2
1000000921,OH,2025-03-08 11:09:00,2025-03-08 12:38:00,89,South,Cardiology,10
1000000922,GA,2025-03-08 19:10:00,2025-03-08 20:52:00,102,West,Radiology,6
1000000923,FL,2025-03-08 07:48:00,2025-03-08 08:54:00,66,Midwest,Cardiology,7
1000000924,IL,2025-03-08 12:24:00,2025-03-08 13:44:00,80,South,Radiology,8
1000000925,NY,2025-03-08 14:06:00,2025-03-08 15:49:00,103,Midwest,Pediatrics,4
1000000926,CA,2025-03-08 06:26:00,2025-03-08 07:45:00,79,Northeast,Neurology,8
1000000927,TX,2025-03-08 20:55:00,2025-03-08 22:28:00,93,Midwest,Orthopedics,3
1000000928,PA,2025-03-08 09:57:00,2025-03-08 10:42:00,45,Midwest,Oncology,8
1000000929,NY,2025-03-08 15:18:00,2025-03-08 16:18:00,60,West,Pediatrics,0
1000000930,FL,2025-03-08 18:15:00,2025-03-08 18:20:00,5,West,Radiology,6
1000000931,NY,2025-03-08 15:15:00,2025-03-08 16:31:00,76,Northeast,Radiology,6
1000000932,FL,2025-03-08 10:58:00,2025-03-08 12:46:00,108,Northeast,Neurology,7
1000000933,OH,2025-03-08 11:04:00,2025-03-08 11:14:00,10,Northeast,Cardiology,1
1000000934,MI,2025-03-08 07:52:00,2025-03-08 09:24:00,92,Northeast,Radiology,10
1000000935,PA,2025-03-08 14:28:00,2025-03-08 15:38:00,70,South,Pediatrics,0
1000000936,OH,2025-03-08 13:34:00,2025-03-08 14:32:00,58,Midwest,Pediatrics,5
1000000937,NY,2025-03-08 06:36:00,2025-03-08 07:33:00,57,Northeast,Orthopedics,8
1000000938,TX,2025-03-08 13:18:00,2025-03-08 14:54:00,96,West,Radiology,9
1000000939,NY,2025-03-08 14:26:00,2025-03-08 15:29:00,63,Midwest,Orthopedics,9
1000000940,NC,2025-03-08 16:36:00,2025-03-08 18:19:00,103,West,Oncology,8
1000000941,NY,2025-03-08 18:21:00,2025-03-08 20:01:00,100,Northeast,Oncology,0
1000000942,MI,2025-03-08 14:18:00,2025-03-08 15:34:00,76,South,Radiology,2
1000000943,GA,2025-03-08 06:18:00,2025-03-08 08:05:00,107,Northeast,Cardiology,9
1000000944,IL,2025-03-08 17:16:00,2025-03-08 18:26:00,70,West,Pediatrics,7
1000000945,TX,2025-03-08 13:22:00,2025-03-08 13:30:00,8,West,Cardiology,5
1000000946,IL,2025-03-08 07:52:00,2025-03-08 08:06:00,14,South,General Practice,7
1000000947,FL,2025-03-08 07:46:00,2025-03-08 08:56:00,70,West,Oncology,6
1000000948,NC,2025-03-08 11:57:00,2025-03-08 13:03:00,66,Midwest,Orthopedics,2
1000000949,IL,2025-03-08 11:34:00,2025-03-08 13:13:00,99,Midwest,Neurology,9
1000000950,OH,2025-03-08 18:15:00,2025-03-08 18:46:00,31,West,Radiology,10
1000000951,NC,2025-03-08 09:06:00,2025-03-08 10:43:00,97,West,Orthopedics,10
1000000952,NC,2025-03-08 12:01:00,2025-03-08 13:59:00,118,South,Oncology,6
1000000953,OH,2025-03-08 10:47:00,2025-03-08 11:23:00,36,Midwest,Radiology,0
1000000954,NC,2025-03-08 20:53:00,2025-03-08 22:09:00,76,South,Cardiology,5
1000000955,MI,2025-03-08 14:42:00,2025-03-08 16:30:00,108,West,Oncology,2
1000000956,GA,2025-03-08 10:46:00,2025-03-08 12:22:00,96,Midwest,Orthopedics,3
1000000957,FL,2025-03-08 14:39:00,2025-03-08 15:03:00,24,West,Neurology,6
1000000958,GA,2025-03-08 16:46:00,2025-03-08 16:56:00,10,West,General Practice,7
1000000959,NY,2025-03-08 09:21:00,2025-03-08 10:50:00,89,Midwest,Cardiology,0
1000000960,FL,2025-03-08 10:03:00,2025-03-08 11:06:00,63,South,Pediatrics,0
1000000961,IL,2025-03-08 09:09:00,2025-03-08 10:10:00,61,South,Neurology,1
1000000962,PA,2025-03-08 06:33:00,2025-03-08 07:05:00,32,Midwest,Cardiology,2
1000000963,PA,2025-03-08 18:31:00,2025-03-08 19:07:00,36,South,Radiology,4
1000000964,NC,2025-03-08 17:35:00,2025-03-08 18:59:00,84,West,Pediatrics,7
1000000965,FL,2025-03-08 12:21:00,2025-03-08 13:15:00,54,Midwest,Oncology,3
1000000966,OH,2025-03-08 06:01:00,2025-03-08 06:08:00,7,South,Oncology,6
1000000967,TX,2025-03-08 11:02:00,2025-03-08 11:38:00,36,South,Radiology,2
1000000968,NY,2025-03-08 11:44:00,2025-03-08 12:02:00,18,Northeast,Radiology,9
1000000969,FL,2025-03-08 16:45:00,2025-03-08 17:39:00,54,South,Radiology,8
1000000970,FL,2025-03-08 07:50:00,2025-03-08 09:07:00,77,South,General Practice,2
1000000971,IL,2025-03-08 13:16:00,2025-03-08 14:38:00,82,West,Pediatrics,5
1000000972,MI,2025-03-08 20:41:00,2025-03-08 21:09:00,28,Midwest,Oncology,10
1000000973,TX,2025-03-08 07:22:00,2025-03-08 08:19:00,57,Midwest,Pediatrics,4
1000000974,IL,2025-03-08 19:23:00,2025-03-08 21:04:00,101,Northeast,Oncology,6
1000000975,IL,2025-03-08 17:47:00,2025-03-08 18:53:00,66,West,Neurology,5
1000000976,CA,2025-03-08 14:27:00,2025-03-08 15:44:00,77,West,Oncology,5
1000000977,OH,2025-03-08 15:52:00,2025-03-08 17:31:00,99,Northeast,Neurology,2
1000000978,MI,2025-03-08 10:52:00,2025-03-08 11:23:00,31,Northeast,Neurology,9
1000000979,IL,2025-03-08 12:20:00,2025-03-08 12:50:00,30,Northeast,Oncology,1
1000000980,TX,2025-03-08 07:39:00,2025-03-08 09:30:00,111,Northeast,Pediatrics,9
1000000981,NC,2025-03-08 08:45:00,2025-03-08 10:37:00,112,West,Radiology,0
1000000982,GA,2025-03-08 18:37:00,2025-03-08 18:48:00,11,Midwest,Orthopedics,0
1000000983,NY,2025-03-08 10:44:00,2025-03-08 10:51:00,7,South,General Practice,6
1000000984,FL,2025-03-08 20:51:00,2025-03-08 21:11:00,20,Northeast,Radiology,0
1000000985,NY,2025-03-08 09:46:00,2025-03-08 10:16:00,30,Northeast,Radiology,8
1000000986,MI,2025-03-08 08:53:00,2025-03-08 09:52:00,59,West,General Practice,10
1000000987,NY,2025-03-08 20:11:00,2025-03-08 21:51:00,100,West,Pediatrics,7
1000000988,NC,2025-03-08 06:39:00,2025-03-08 06:58:00,19,South,Orthopedics,10
1000000989,GA,2025-03-08 16:09:00,2025-03-08 17:36:00,87,Midwest,Pediatrics,9
1000000990,NY,2025-03-08 18:40:00,2025-03-08 20:25:00,105,South,Oncology,4
1000000991,NY,2025-03-08 19:53:00,2025-03-08 20:26:00,33,Midwest,Neurology,6
1000000992,FL,2025-03-08 20:05:00,2025-03-08 20:31:00,26,West,Pediatrics,4
1000000993,NC,2025-03-08 16:37:00,2025-03-08 17:23:00,46,Northeast,General Practice,9
1000000994,PA,2025-03-08 18:28:00,2025-03-08 19:18:00,50,West,Oncology,9
1000000995,PA,2025-03-08 11:54:00,2025-03-08 12:54:00,60,West,Neurology,0
1000000996,NY,2025-03-08 17:09:00,2025-03-08 17:52:00,43,Midwest,Neurology,8
1000000997,CA,2025-03-08 18:44:00,2025-03-08 19:46:00,62,Northeast,Cardiology,1
1000000998,NY,2025-03-08 17:21:00,2025-03-08 19:04:00,103,Midwest,Oncology,6
1000000999,PA,2025-03-08 14:01:00,2025-03-08 14:54:00,53,West,Orthopedics,2